Precinct,2016GPP,2016GCP,2016GPV,2018PCT,2018PCP,Office,Weighted Score
8700020,65.40284360189574,65.07,414,11.655239960822723,71.25748502994011,Barrington,4460.26181259754
Downers Grove 113,67.20257234726688,67.00,209,7.333333333333333,73.33333333333333,Downers Grove,4367.051446945337
Downers Grove 118,67.54221388367729,63.06,360,10.06711409395973,66.17647058823529,Downers Grove,4305.640803532211
Lisle 114,63.525835866261396,57.67,209,8.923884514435695,82.92682926829268,Downers Grove,4300.377187205517
DU0035,58.68055555555556,57.79,676,7.0764462809917354,62.84403669724771,West Chicago,4269.368291337057
Lisle 112,62.270450751252085,55.93,373,15.890850722311397,74.43609022556392,Downers Grove,4241.621670258632
Lisle 111,61.294964028776974,57.84,426,11.225658648339062,69.01408450704226,Downers Grove,4200.206629364724
EL0058,51.48148148148148,46.50,973,7.385159010600708,59.20679886685553,Elgin,4124.150765977341
Downers Grove 105,63.98026315789473,54.47,389,17.400644468313644,65.58704453441295,Downers Grove,4087.1467983144676
EL0059,50.27233115468409,44.94,923,15.971107544141253,61.514683153013905,Elgin,4073.511393698101
DU0032,55.767562879444924,52.06,643,7.083333333333333,63.25581395348837,Elgin,4071.750869992
Milton 120,63.27160493827161,51.76,205,12.896405919661733,76.25,West Chicago,4043.528504685094
Downers Grove 130,62.174940898345156,60.00,263,11.600000000000001,64.92537313432835,Downers Grove,4016.60628065347
EL0008,60.548885077186966,60.87,353,13.111111111111112,60.51282051282051,West Chicago,4004.7452229112605
EL0057,53.83647798742138,57.69,428,11.320754716981133,66.66666666666666,Elgin,4003.1836477987417
York 111,61.72638436482085,53.09,379,12.97071129707113,65.60846560846561,Downers Grove,4000.4677107628004
8700033,57.38758029978587,57.27,268,11.733333333333333,69.29133858267717,Barrington,3958.711710982594
RU0005,50.56775170325511,46.37,668,8.973723351512147,66.30036630036629,Elgin,3941.7360834239403
8700064,58.20029027576198,53.63,401,12.420091324200913,64.15094339622641,Barrington,3933.0447647639685
York 118,65.5844155844156,55.08,202,14.90125673249551,64.84375,Downers Grove,3927.064568420807
EL0054,57.566765578635014,53.08,388,13.470993117010815,65.55023923444976,West Chicago,3925.411089378706
8700057,55.47368421052632,47.81,527,17.80821917808219,65.73033707865169,Barrington,3925.088644961643
DU0034,53.17286652078774,50.63,486,9.737029140014215,67.15686274509804,Elgin,3914.9316144577297
DU0016,55.4601226993865,52.59,452,8.631921824104234,63.47305389221557,Elgin,3891.0954536561458
EL0050,57.14285714285714,54.18,192,14.82213438735178,72.81553398058253,West Chicago,3889.5899568561454
EL0053,52.254831782390845,49.31,730,8.070333633904418,55.7632398753894,Elgin,3884.631766789509
8700011,57.80254777070064,48.79,363,13.034188034188036,67.77777777777779,Barrington,3863.4406990037564
8700006,56.44955300127714,46.65,442,16.063548102383056,66.66666666666666,Barrington,3853.387941461259
8700015,54.59183673469388,46.37,428,14.922656960873521,67.76859504132231,Barrington,3817.531292481198
8700017,54.40956651718983,47.14,364,20.770877944325484,70.03610108303249,Barrington,3816.484229948772
8700008,56.046814044213264,46.89,431,16.289592760180994,65.45454545454545,Barrington,3815.1167827353556
8700037,57.605985037406484,47.43,462,15.156794425087108,61.267605633802816,Barrington,3803.2286078492725
8700054,56.481481481481474,44.76,488,21.662245800176834,63.144329896907216,Barrington,3797.3784733679504
7000010,54.36893203883495,43.87,560,8.081517919887562,63.18681318681318,Barrington,3796.59642243285
7600026,54.61847389558233,49.84,544,10.286783042394015,57.491289198606275,Elgin,3793.2820449261662
8700030,57.11678832116789,50.94,313,17.746113989637305,64.92890995260665,Barrington,3790.460079465128
8700029,54.424778761061944,43.17,492,15.49618320610687,65.69579288025889,Barrington,3773.307616032523
8700063,55.93922651933701,47.99,405,14.14441147378833,63.55555555555556,Barrington,3768.84005297164
7000002,56.20437956204379,45.54,385,18.991416309012877,66.29213483146067,Barrington,3764.721704179102
EL0048,54.44579780755176,49.88,447,12.530915086562242,60.8,West Chicago,3762.0468712375978
DU0033,51.5473032714412,48.50,583,8.372641509433961,57.95918367346938,Elgin,3751.5023804076454
8700041,55.89473684210526,41.68,531,14.852255054432348,62.21498371335505,Barrington,3741.6466661636387
8700007,53.557046979865774,46.04,399,16.897233201581027,66.53696498054474,Barrington,3738.577472409791
EL0056,51.568381430363864,50.70,411,10.625,63.55140186915887,Elgin,3738.0206659904547
8700069,55.86924219910847,47.72,376,12.85024154589372,61.86046511627907,Barrington,3697.844387853645
8700046,54.80295566502463,45.60,445,16.574585635359114,61.224489795918366,Barrington,3694.123494854219
DU0023,52.58426966292134,49.20,234,12.684365781710916,70.49180327868852,Elgin,3692.2058246139077
EL0010,55.36547433903577,50.00,356,13.572343149807939,60.57142857142858,West Chicago,3688.310401359095
Downers Grove 142,55.917159763313606,49.39,189,11.272727272727273,68.88888888888889,Downers Grove,3684.1937003167777
8700040,52.62154432793136,42.28,552,15.793251974156497,60.773480662983424,Barrington,3681.293751792452
Cuba 76,54.274611398963735,43.72,419,15.566037735849056,64.2023346303502,Barrington,3678.5049583221275
8700042,54.58823529411765,44.75,464,16.852010265183917,60.24464831804281,Barrington,3672.509682508393
EL0015,55.637707948244,52.23,301,13.214739517153747,59.77011494252874,West Chicago,3666.9711973326084
8700036,53.56037151702786,44.99,346,13.91304347826087,66.66666666666666,Barrington,3664.2538071521512
York 121,54.160982264665755,43.85,397,22.404933196300103,63.929618768328446,Downers Grove,3658.216953856184
8700035,57.440000000000005,42.81,359,19.588875453446192,63.52941176470588,Barrington,3654.177110747564
York 114,54.64285714285714,47.46,306,19.75609756097561,64.28571428571429,Downers Grove,3653.5275261324045
8700056,54.41176470588235,43.78,444,13.600697471665214,61.417322834645674,Barrington,3649.7824482822252
Lisle 101,53.51473922902494,50.35,236,11.022576361221779,65.87301587301587,Downers Grove,3641.777678402038
8700018,55.35714285714286,43.92,279,18.945868945868945,67.85714285714286,Barrington,3640.6315832315836
8700028,55.487804878048784,44.42,273,16.714697406340058,67.44186046511628,Barrington,3636.7080042696407
Ela 87,52.589182968929805,47.84,457,12.81055900621118,57.692307692307686,Barrington,3632.2403722309614
DU0001,53.867791842475384,48.13,383,13.218390804597702,59.74025974025974,Elgin,3630.9794224593
EL0036,55.78800557880056,53.12,400,8.974358974358974,52.093023255813954,Elgin,3628.9949356666493
7600009,55.63480741797432,41.61,390,17.99410029498525,62.88659793814433,Elgin,3610.6222074173584
8700002,55.618615209988654,41.48,490,17.32418524871355,57.879656160458445,Barrington,3606.8896126576556
8700014,53.282442748091604,45.15,349,16.488222698072803,63.114754098360656,Barrington,3596.4321596271175
Ela 97,54.843517138599104,45.25,368,17.219917012448132,59.71223021582733,Barrington,3581.334864100977
York 131,57.38636363636363,51.19,101,8.695652173913043,65.0,Downers Grove,3581.2229249011857
York 100,55.762081784386616,46.43,300,16.01615074024226,61.02564102564103,West Chicago,3580.3706069407954
8700001,55.74712643678161,46.08,291,14.100905562742561,61.5819209039548,Barrington,3573.2818523774704
8700050,51.252408477842,40.16,532,17.151162790697676,59.59595959595959,Barrington,3569.3185242667296
Downers Grove 127,52.29759299781181,48.30,239,15.939849624060152,64.24242424242425,Downers Grove,3551.7401944287813
Ela 94,52.411994784876136,44.44,402,17.002881844380404,59.395973154362416,Barrington,3543.962240629151
Milton 104,56.60749506903353,48.03,287,9.871794871794872,57.03703703703704,Downers Grove,3530.3624369932063
7600042,52.61707988980716,46.05,382,11.662075298438934,57.99086757990868,Elgin,3526.8210246927556
EL0021,50.881057268722465,50.57,231,9.846547314578006,62.601626016260155,Elgin,3521.9002130142303
8700065,55.44388609715243,44.10,331,15.193026151930262,58.65384615384615,Barrington,3510.1476711719015
Downers Grove 129,50.27726432532348,48.13,272,15.592783505154639,62.05128205128205,Downers Grove,3496.7637110372652
7600044,50.05500550055005,41.98,455,8.856926570779713,59.390862944162436,Elgin,3492.3742954650297
8700043,51.47540983606558,38.14,314,20.0734394124847,68.04979253112033,Barrington,3487.377486756203
7000006,54.606741573033716,38.74,486,14.454775993237531,55.700325732899024,Barrington,3481.3961221118925
Ela 83,47.5669099756691,43.83,391,16.016949152542374,61.563517915309454,Barrington,3466.225506972113
Ela 92,52.26960110041266,47.41,380,11.72161172161172,53.78151260504202,Barrington,3460.943885830705
Downers Grove 120,52.58620689655172,41.94,366,17.083333333333332,58.156028368794324,Downers Grove,3436.7280386402545
Ela 93,50.903614457831324,43.08,338,17.439293598233995,60.07604562737643,Barrington,3436.632495302389
Milton 113,56.15615615615616,37.24,187,21.920668058455114,66.87898089171973,Downers Grove,3414.4234090159734
Ela 95,50.185414091470946,41.16,406,15.35745807590468,58.19397993311036,Barrington,3412.1453385675304
Downers Grove 131,53.00970873786408,40.98,273,14.772727272727273,61.904761904761905,Downers Grove,3405.662140125247
DU0018,46.3716814159292,40.13,524,10.785536159600998,56.9078947368421,Elgin,3402.9770592150276
EL0047,45.5,40.85,637,7.805108798486282,51.08359133126935,Elgin,3393.4769354238733
Milton 123,60.33519553072626,48.08,216,6.020558002936858,49.39759036144578,Downers Grove,3378.2762758463778
Lisle 100,48.6810551558753,40.28,203,18.49912739965096,68.83116883116884,Downers Grove,3377.343607140534
8700025,51.17967332123412,40.47,282,19.402985074626866,61.904761904761905,Barrington,3372.4916895945476
Winfield 009,75.13812154696133,72.95,408,,,West Chicago,3369.7624309392268
Ela 90,52.63908701854494,40.23,369,17.5564681724846,56.25,Barrington,3368.9382085433836
Lisle 106,58.50340136054422,43.10,172,13.679245283018867,57.42574257425742,Downers Grove,3366.2621239790515
8700034,50.674157303370784,36.87,451,14.93288590604027,56.86900958466453,Barrington,3354.1962236667464
Milton 105,56.25,40.74,162,21.307506053268767,61.53846153846154,Downers Grove,3353.8767368225
Ela 103,49.87146529562982,40.94,388,16.39344262295082,56.074766355140184,Barrington,3342.118075638351
Downers Grove 112,50.860420650095605,43.16,266,13.732833957553058,58.201058201058196,Downers Grove,3324.162410980629
RU0001,43.47826086956522,41.42,610,6.965394853593611,49.52681388012618,Elgin,3305.466889847422
York 128,56.36363636363636,39.01,279,17.647058823529413,54.91071428571429,Downers Grove,3302.3340718105424
Cuba 66,50.29154518950437,37.70,345,14.718162839248434,58.995815899581594,Barrington,3299.4653846209676
SC0029,47.89029535864979,41.88,454,9.95162404975812,51.985559566786996,Elgin,3299.068722558494
Ela 81,49.03518728717366,37.83,432,9.428129829984544,55.70776255707762,Barrington,3292.8871267150103
Downers Grove 103,54.48717948717948,42.51,255,13.687150837988826,54.14364640883977,Downers Grove,3291.503668758374
Milton 111,53.47222222222222,42.01,231,15.831987075928918,56.64739884393064,Downers Grove,3289.4244083989856
DU0027,52.557319223985886,52.23,298,4.729064039408867,44.44444444444444,Elgin,3287.3643374080157
DU0002,50.46296296296296,49.07,218,16.27906976744186,53.08056872037915,Elgin,3286.549703434284
Milton 119,55.8252427184466,47.76,115,6.64819944598338,54.54545454545454,Downers Grove,3284.2621447240062
Ela 85,49.42716857610475,38.82,302,13.19290465631929,60.1010101010101,Barrington,3282.156478198616
8700055,52.723735408560316,39.88,271,14.000000000000002,56.64739884393064,Barrington,3270.022685049819
Ela 84,52.54730713245998,41.53,361,12.044534412955466,50.42372881355932,Barrington,3263.0652533333414
DU0028,45.21604938271605,36.54,586,8.966244725738397,51.204819277108435,Elgin,3254.1836179222278
8700032,51.862464183381086,37.04,362,13.2890365448505,54.794520547945204,Barrington,3249.2287311713762
EL0055,47.97752808988764,46.84,427,8.7018544935806,45.69288389513109,Elgin,3245.910094193955
SC0003,48.05491990846682,40.71,420,10.254163014899213,52.0,Elgin,3245.552561184236
Milton 110,51.06382978723404,43.46,192,14.025245441795231,57.14285714285714,Downers Grove,3239.3589840436184
Ela 98,51.598173515981735,39.29,339,17.853107344632768,53.198653198653204,Barrington,3238.5896416373316
8700019,49.931787175989086,37.21,366,15.816326530612246,55.16014234875445,Barrington,3227.854917025483
SC0008,48.372615039281705,38.39,431,14.297589359933498,52.27963525835866,Elgin,3226.142595312741
DU0024,44.867549668874176,44.91,271,11.462882096069869,57.377049180327866,Elgin,3225.5548590801104
York 101,50.38363171355499,42.86,197,15.478260869565217,57.05128205128205,Downers Grove,3218.376536166306
York 123,48.458149779735685,40.71,220,13.595166163141995,60.0,Downers Grove,3216.958161757856
8700068,52.28346456692914,37.56,332,12.987012987012985,53.65853658536586,Barrington,3215.027036032913
Milton 114,54.43349753694581,41.08,221,11.129032258064516,53.48837209302325,Downers Grove,3212.1664248574452
SC0017,44.91525423728814,46.02,265,12.695109261186262,55.70776255707762,Elgin,3210.555445148502
EL0039,47.47081712062256,48.00,244,9.632034632034632,52.046783625730995,Elgin,3203.9840495591056
8700009,50.37481259370315,35.44,336,16.089385474860336,56.470588235294116,Barrington,3197.7974020548054
Milton 108,51.41509433962265,42.79,218,14.263803680981596,53.75722543352601,Downers Grove,3191.510199143955
Downers Grove 140,50.947867298578196,41.75,215,15.238095238095239,54.85714285714286,Downers Grove,3181.3382983525166
Lisle 107,54.88372093023256,41.04,236,11.842105263157894,50.70422535211267,Downers Grove,3180.401030910062
Ela 86,49.53764861294584,39.14,375,15.666041275797374,50.75987841945289,Barrington,3179.416581923772
DU0026,47.59916492693111,45.12,228,12.987012987012985,53.57142857142857,Elgin,3166.7988829542064
EL0051,45.285714285714285,41.80,317,11.242603550295858,54.54545454545454,West Chicago,3160.865980173672
8700048,53.97631133671743,34.90,319,19.3006993006993,51.8796992481203,Barrington,3153.420910997454
Cuba 69,46.64310954063604,36.54,396,17.14801444043321,53.37078651685393,Barrington,3144.2259355902324
Downers Grove 121,52.54237288135594,40.48,217,18.530884808013358,52.358490566037744,Downers Grove,3143.148153755887
Ela 82,46.41555285540705,37.71,382,10.645431684828164,53.13807531380753,Barrington,3137.9179950691196
Ela 101,47.3186119873817,35.60,450,9.823321554770319,50.91575091575091,Barrington,3136.5105796174225
Ela 80,44.398340248962654,36.31,321,13.203883495145632,58.87445887445888,Barrington,3125.8598659635763
York 119,52.96912114014252,35.59,223,6.475903614457831,55.84415584415584,Downers Grove,3117.5414433004253
Downers Grove 141,53.92156862745098,37.42,165,11.914893617021278,54.90196078431373,Downers Grove,3101.7854818523156
Ela 91,45.75471698113208,39.77,291,13.188073394495412,54.24528301886793,Barrington,3099.588073394496
8700031,50.50301810865191,34.14,251,20.276497695852534,56.41025641025641,Barrington,3092.341988074019
Cuba 73,49.32795698924731,36.13,367,11.018518518518519,50.0,Barrington,3087.177658303465
EL0024,43.13421256788208,37.62,556,8.471933471933472,44.90358126721763,Elgin,3077.627810173928
DU0031,43.63256784968685,39.53,209,9.633649932157395,59.66386554621849,Elgin,3075.162317850264
DU0029,47.299509001636665,39.87,289,10.271546635182998,50.877192982456144,Elgin,3060.205586317039
SC0024,42.476060191518464,33.91,621,7.9156908665105385,45.06666666666666,Elgin,3057.9702280302126
Ela 79,47.524752475247524,36.30,384,10.982658959537572,48.54014598540146,Barrington,3042.2806281725175
Ela 96,44.89281210592686,39.19,356,13.947128532360983,49.51456310679612,Barrington,3041.8946327868207
Winfield 013,72.3514211886305,65.36,280,,,West Chicago,3034.22842377261
7600031,47.803163444639715,33.82,272,12.438423645320198,55.494505494505496,Elgin,3026.7918024282244
Ela 100,44.91525423728814,32.52,424,9.557774607703282,51.737451737451735,Barrington,3017.011894102501
DU0020,43.46733668341709,35.52,346,12.343470483005367,53.48837209302325,Elgin,3007.857646011812
Downers Grove 115,48.007590132827325,39.96,253,12.038303693570452,49.162011173184354,Downers Grove,3007.630329813804
DU0004,44.99274310595066,37.72,310,10.497835497835498,50.520833333333336,Elgin,2985.1693642835153
EL0016,42.29651162790697,41.40,291,11.6751269035533,50.0,West Chicago,2976.6053594616924
Ela 104,46.84343434343434,30.64,371,11.490125673249551,52.03252032520326,Barrington,2972.8092190460015
EL0007,45.78512396694215,40.10,277,12.763466042154567,48.01762114537445,West Chicago,2967.8183682884865
York 109,51.105651105651106,33.73,208,14.795008912655971,51.87500000000001,Downers Grove,2957.008031025678
York 130,46.69811320754717,37.86,198,13.266998341625207,52.63157894736842,Downers Grove,2955.0608414399367
8700038,47.8978978978979,33.07,319,13.911060433295324,49.795918367346935,Barrington,2948.187385738192
SC0012,42.916666666666664,36.48,309,8.649602824360105,52.12765957446809,Elgin,2948.136127647055
8700045,50.177935943060504,30.27,282,15.243101182654403,52.01793721973094,Barrington,2946.560564438483
8700052,48.506401137980085,32.75,341,13.291139240506327,48.275862068965516,Barrington,2944.936403379418
7000009,45.0281425891182,35.13,240,17.812061711079945,53.36134453781513,Barrington,2928.2018042497466
Cuba 68,46.317280453257794,34.87,327,15.066964285714285,48.04270462633452,Barrington,2926.6666658775603
SC0011,36.45680819912152,41.75,249,11.423220973782772,54.22222222222223,Elgin,2909.0038294006577
7000008,42.27714033539276,31.53,479,8.426966292134832,47.2027972027972,Barrington,2907.625717055934
Downers Grove 107,47.540983606557376,41.01,174,12.530712530712531,47.44186046511628,Downers Grove,2906.3875939641857
8700049,45.490196078431374,33.53,232,13.896848137535816,53.888888888888886,Barrington,2904.0785474839413
Milton 124,47.85478547854785,35.43,145,13.073394495412844,53.77358490566038,Downers Grove,2899.2408021795777
Ela 105,42.934782608695656,33.08,395,12.795125666412796,48.275862068965516,Barrington,2893.608019219636
SC0002,43.58251057827927,34.72,309,12.746113989637307,50.204081632653065,Elgin,2891.877958208284
DU0030,44.651162790697676,39.33,384,7.6069730586370845,41.02564102564102,Elgin,2891.743049385411
Cuba 72,46.12676056338028,35.08,262,11.72069825436409,49.21465968586388,Barrington,2882.149103239247
Downers Grove 076,63.971880492091394,61.47,364,,,Downers Grove,2872.837609841828
Ela 99,43.056849953401674,32.71,462,10.4,43.45403899721448,Barrington,2856.817779012323
Milton 122,47.19387755102041,37.31,185,16.240875912408757,48.10810810810811,Downers Grove,2853.480589094979
Cuba 67,44.90909090909091,36.30,247,11.140939597315436,48.25581395348838,Barrington,2847.439036848901
Downers Grove 106,46.1847389558233,36.33,230,11.477761836441895,46.783625730994146,Downers Grove,2827.445055572791
Milton 100,47.25050916496945,36.23,232,8.669108669108669,45.806451612903224,Downers Grove,2826.4083242265624
Ela 89,39.701897018970186,35.34,293,12.665406427221171,50.950570342205324,Barrington,2825.514753650731
Lisle 001,67.4321503131524,57.23,323,,,Downers Grove,2816.2430062630483
8700010,44.057623049219686,26.53,367,12.489158716392021,51.245551601423486,Barrington,2816.152651729255
Downers Grove 109,48.031496062992126,32.74,305,13.175675675675674,43.575418994413404,Downers Grove,2805.1139768237863
7000001,43.768115942028984,33.96,302,13.480662983425415,46.74329501915709,Barrington,2804.908882207147
Milton 116,49.88864142538976,31.12,224,15.765765765765765,46.875,Downers Grove,2797.4385942735607
SC0027,44.91803278688525,33.52,411,9.62566844919786,40.12738853503185,Elgin,2791.93409488754
York 062,64.10714285714286,56.41,359,,,Downers Grove,2769.342857142857
EL0038,42.30088495575221,38.86,239,8.315098468271334,44.70588235294118,Elgin,2764.6504446421395
SC0016,44.2350332594235,30.71,399,8.558211256746338,41.88679245283019,Elgin,2744.1947255018204
Wayne 015,63.26923076923077,57.43,329,,,West Chicago,2742.984615384615
Downers Grove 071,61.61048689138576,58.98,329,,,Downers Grove,2740.8097378277153
Milton 115,42.60485651214128,34.65,193,14.035087719298245,49.079754601226995,Downers Grove,2733.727309986664
SC0028,44.72573839662447,34.41,318,10.454985479186835,40.909090909090914,Elgin,2729.3515715934946
Bloomingdale 068,63.983903420523134,56.40,318,,,West Chicago,2725.6780684104624
8700012,44.37596302003082,29.37,288,12.570781426953568,47.43589743589743,Barrington,2724.2079905455184
Cuba 71,42.68833087149188,33.63,289,9.044715447154472,44.5,Barrington,2714.4113328769918
York 122,51.02040816326531,34.56,225,4.475524475524476,38.095238095238095,Downers Grove,2702.9884496455925
SC0001,44.94949494949495,36.52,267,12.121212121212121,39.66942148760331,Elgin,2701.899540863177
SC0033,39.65267727930535,33.58,274,10.309278350515463,47.39336492890995,Elgin,2696.8301225148216
Ela 102,40.92827004219409,30.95,388,10.471204188481675,42.813455657492355,Barrington,2692.3057181822105
DU0025,41.92872117400419,33.05,200,10.647482014388489,49.00662251655629,Elgin,2690.354355825598
Lisle 032,62.705667276051194,54.55,343,,,Downers Grove,2688.113345521024
Cuba 77,41.41749723145072,29.35,374,10.441767068273093,43.91891891891892,Barrington,2678.170090075666
Ela 78,42.30769230769231,30.81,264,12.711864406779661,46.46017699115044,Barrington,2668.2692503836342
Winfield 001,61.27167630057804,56.05,318,,,West Chicago,2664.433526011561
Milton 112,49.87341772151899,32.91,197,11.516314779270633,40.0,Downers Grove,2664.1846692096506
Lisle 104,46.33620689655172,27.22,215,11.394302848575713,48.10126582278481,Downers Grove,2659.5437572353067
SC0022,41.677096370463076,31.73,333,10.985915492957748,41.785714285714285,Elgin,2647.842128616505
Wayne 047,66.06606606606607,55.17,220,,,West Chicago,2644.7213213213217
Cuba 74,40.25316455696203,30.24,318,10.258780036968576,45.30612244897959,Barrington,2644.244520155801
York 086,60.94890510948905,54.48,334,,,Downers Grove,2642.578102189781
Lisle 038,58.14814814814815,58.07,314,,,Downers Grove,2638.362962962963
Lisle 077,66.66666666666666,54.93,206,,,Downers Grove,2637.933333333333
RU0006,39.38879456706282,38.02,232,7.198228128460686,42.48366013071895,Elgin,2637.047322084096
Downers Grove 096,61.74089068825911,54.75,305,,,Downers Grove,2634.817813765182
Milton 080,62.0,54.09,310,,,Downers Grove,2631.8
Milton 026,58.75190258751902,53.11,386,,,West Chicago,2623.2380517503807
SC0026,42.34135667396061,31.38,387,9.217660728117739,37.53943217665615,Elgin,2621.433437740453
Downers Grove 034,59.813084112149525,51.82,384,,,Downers Grove,2616.6616822429905
7900012,42.217484008528785,25.00,198,14.77832512315271,51.42857142857142,Downers Grove,2585.6994338651566
Milton 056,62.738301559792035,48.38,362,,,Downers Grove,2584.3660311958406
Milton 096,66.14785992217898,45.80,340,,,Downers Grove,2578.9571984435797
Milton 107,47.2972972972973,31.18,280,11.160714285714286,35.88516746411483,Downers Grove,2578.4100095139565
Wayne 019,61.330049261083744,54.77,249,,,West Chicago,2571.000985221675
York 056,59.59595959595959,47.88,413,,,Downers Grove,2562.519191919192
Naperville 015,61.34453781512605,51.09,292,,,Downers Grove,2540.690756302521
Bloomingdale 009,60.33057851239669,51.88,292,,,West Chicago,2536.211570247934
Lisle 061,59.45945945945946,51.28,308,,,Downers Grove,2522.789189189189
Lisle 008,57.83365570599614,53.21,299,,,Downers Grove,2519.873114119923
Downers Grove 102,41.72494172494173,33.10,179,10.8153078202995,41.66666666666667,Downers Grove,2519.6474756524676
Milton 038,59.71223021582733,49.64,332,,,Downers Grove,2519.0446043165466
Wayne 054,60.0,50.20,306,,,West Chicago,2510.0
ALG 10,56.26959247648903,51.22,359,,,Barrington,2508.791849529781
Milton 086,56.896551724137936,55.21,264,,,Downers Grove,2506.131034482759
Naperville 022,59.11602209944752,44.58,428,,,Downers Grove,2501.92044198895
Downers Grove 018,57.84469096671949,48.89,365,,,Downers Grove,2499.6938193343894
Downers Grove 051,60.902255639097746,47.48,324,,,Downers Grove,2491.6451127819546
DU0022,39.6709323583181,33.77,217,9.319899244332493,39.784946236559136,Elgin,2490.8374711418774
ALG 59,51.539338654503986,50.24,452,,,Barrington,2487.58677309008
York 074,57.99648506151143,49.82,330,,,Downers Grove,2486.3297012302287
Milton 093,64.17910447761194,46.97,258,,,Downers Grove,2480.982089552239
Lisle 089,55.93803786574871,51.59,325,,,Downers Grove,2475.5607573149746
Downers Grove 008,58.59872611464968,46.77,368,,,Downers Grove,2475.374522292994
Lisle 088,61.74863387978142,50.69,226,,,Downers Grove,2474.7726775956285
Milton 078,58.550185873605955,49.35,315,,,Downers Grove,2473.003717472119
SC0030,37.82383419689119,30.69,292,9.6,40.0,Elgin,2471.876683937824
Cuba 75,37.52093802345058,29.22,224,10.9375,45.04950495049505,Barrington,2470.7463594789124
Downers Grove 049,58.39160839160839,48.32,334,,,Downers Grove,2468.2321678321678
Naperville 031,58.43920145190563,48.77,322,,,Downers Grove,2466.184029038113
ALG 57,51.70142700329309,47.80,471,,,Barrington,2461.0285400658618
Downers Grove 020,56.17367706919946,46.16,414,,,Downers Grove,2460.6735413839892
Downers Grove 010,55.499153976311334,51.12,328,,,Downers Grove,2460.3830795262265
Lisle 059,59.96835443037975,43.93,379,,,Downers Grove,2456.967088607595
7000003,39.85594237695078,26.64,332,8.253692441355343,39.25619834710744,Barrington,2455.2965069225197
8700003,38.97435897435898,26.31,228,11.209068010075567,45.40816326530612,Barrington,2453.0595128033774
8700023,41.12903225806452,25.00,204,12.785388127853881,45.65217391304348,Barrington,2452.4095115500136
York 092,62.65356265356266,46.89,255,,,Downers Grove,2445.871253071253
8700044,38.49607182940517,26.37,343,10.281923714759536,39.490445859872615,Barrington,2440.412277500315
Lisle 092,60.45751633986928,52.30,185,,,Downers Grove,2440.150326797386
York 009,55.01672240802675,50.42,329,,,Downers Grove,2437.734448160535
Downers Grove 053,56.39445300462249,46.85,366,,,Downers Grove,2430.8890600924497
Milton 058,59.22671353251317,45.33,337,,,Downers Grove,2428.1342706502633
7000007,34.962406015037594,28.06,93,11.944444444444445,53.086419753086425,Barrington,2427.1209598069245
Downers Grove 017,58.550185873605955,46.98,315,,,Downers Grove,2425.603717472119
Cuba 70,35.714285714285715,28.45,200,9.559748427672957,46.62576687116564,Barrington,2425.3608001367
Milton 066,59.89110707803993,44.73,330,,,Downers Grove,2422.4221415607985
ALG 53,55.43933054393305,52.22,265,,,Barrington,2418.186610878661
Naperville 019,57.23577235772358,46.00,352,,,Downers Grove,2416.715447154472
Milton 109,45.546558704453446,28.83,225,11.711711711711711,34.51327433628318,Downers Grove,2414.5083725264444
Milton 064,61.23348017621145,45.45,278,,,Downers Grove,2411.669603524229
Milton 024,60.560344827586206,45.89,281,,,Downers Grove,2410.006896551724
7900027,39.261744966442954,22.11,234,5.536332179930796,47.05882352941176,Downers Grove,2408.147702097025
Cuba 65,38.35800807537012,27.10,285,10.02004008016032,40.0,Barrington,2404.180201587563
Lisle 004,56.62020905923345,47.32,325,,,Downers Grove,2403.8041811846692
Milton 069,57.46102449888642,49.78,258,,,Downers Grove,2402.8204899777284
Wayne 053,56.56934306569343,47.87,310,,,West Chicago,2398.7868613138685
Naperville 026,57.730496453900706,41.84,407,,,Downers Grove,2398.409929078014
SC0031,35.39651837524178,29.98,366,7.228915662650602,35.73667711598746,Elgin,2395.4928254872357
Milton 036,58.64077669902913,45.95,302,,,Downers Grove,2393.8155339805826
Lisle 056,57.393483709273184,50.50,229,,,Downers Grove,2386.8696741854637
York 043,59.01162790697675,49.86,203,,,Downers Grove,2380.432558139535
Milton 006,61.55507559395248,43.19,285,,,Downers Grove,2379.9015118790494
ALG 2,55.865921787709496,48.04,300,,,Barrington,2378.1184357541897
Wayne 042,56.94117647058824,49.76,242,,,West Chicago,2376.0235294117647
Downers Grove 033,55.73033707865168,50.56,248,,,Downers Grove,2373.806741573034
Milton 002,58.80341880341881,42.59,344,,,Downers Grove,2371.868376068376
Downers Grove 009,58.12500000000001,46.44,279,,,Downers Grove,2370.3
Downers Grove 050,54.8922056384743,47.01,331,,,Downers Grove,2369.0441127694858
Downers Grove 031,53.475935828877006,49.82,300,,,Downers Grove,2365.91871657754
Downers Grove 026,56.06837606837607,45.72,328,,,Downers Grove,2363.7675213675216
Lisle 040,55.90062111801242,48.74,270,,,Downers Grove,2362.8124223602485
ALG 4,51.46831530139103,50.00,333,,,Barrington,2362.3663060278204
York 095,59.75975975975976,47.92,199,,,Downers Grove,2352.595195195195
Downers Grove 119,47.688564476885645,36.45,196,3.059581320450886,23.456790123456788,Downers Grove,2350.9666733272993
Milton 021,58.95316804407713,47.88,214,,,Downers Grove,2350.6633608815428
York 075,55.800000000000004,47.49,279,,,Downers Grove,2344.8
Downers Grove 069,55.64102564102564,50.66,217,,,Downers Grove,2343.020512820513
Winfield 015,55.400000000000006,47.86,277,,,Downers Grove,2342.2
Naperville 005,57.84061696658098,47.93,225,,,Downers Grove,2340.4123393316195
Milton 076,58.282208588957054,44.40,285,,,Downers Grove,2338.6441717791413
Milton 073,57.56207674943566,46.44,255,,,Downers Grove,2335.0415349887135
ALG 63,49.94285714285714,44.94,437,,,Barrington,2334.657142857143
Downers Grove 011,57.89473684210527,40.52,363,,,Downers Grove,2331.2947368421055
ALG 52,51.24835742444153,45.78,390,,,Barrington,2330.5671484888308
Lisle 025,55.80110497237569,45.54,303,,,Downers Grove,2329.8220994475137
Lisle 052,56.77290836653387,45.44,285,,,Downers Grove,2329.2581673306777
York 105,43.859649122807014,31.54,125,5.393258426966292,34.285714285714285,Downers Grove,2324.100526597392
Milton 068,56.63716814159292,46.12,256,,,Downers Grove,2311.1433628318587
ALG 24,49.617151607963244,49.46,324,,,West Chicago,2305.543032159265
Downers Grove 002,56.92599620493358,43.19,300,,,Downers Grove,2302.3199240986714
Milton 013,59.22330097087378,43.33,244,,,Downers Grove,2295.066019417475
Milton 010,57.818930041152264,42.83,281,,,Downers Grove,2293.978600823045
Milton 045,60.03937007874016,39.32,305,,,Downers Grove,2292.187401574803
Winfield 005,55.348837209302324,47.24,238,,,West Chicago,2289.7767441860465
Cuba 64,34.132841328413285,25.95,185,7.528230865746549,44.776119402985074,Barrington,2289.7074454937137
Downers Grove 056,54.00593471810089,51.18,182,,,Downers Grove,2285.7186943620177
Milton 042,55.55555555555556,47.72,220,,,Downers Grove,2285.511111111111
Lisle 080,55.00000000000001,47.64,231,,,Downers Grove,2283.8
Milton 012,57.71971496437055,44.29,243,,,Downers Grove,2283.194299287411
Milton 089,55.64853556485355,45.19,266,,,Downers Grove,2282.770711297071
York 093,57.60517799352751,47.47,178,,,Downers Grove,2279.5035598705504
ALG 34,49.6,51.92,248,,,Barrington,2278.4
Milton 034,52.804642166344294,47.46,273,,,Downers Grove,2278.292843326886
ALG 40,50.967741935483865,50.97,237,,,Barrington,2275.754838709677
Bloomingdale 077,57.10955710955711,44.34,245,,,West Chicago,2273.9911421911424
Downers Grove 039,53.37078651685393,46.07,285,,,Downers Grove,2273.8157303370785
Milton 062,57.24815724815725,44.63,233,,,Downers Grove,2270.563144963145
ALG 37,52.76381909547738,55.33,105,,,West Chicago,2266.8763819095475
Downers Grove 094,51.465798045602604,46.06,316,,,Downers Grove,2266.515960912052
Downers Grove 003,53.666666666666664,43.38,322,,,Downers Grove,2262.9333333333334
Milton 041,54.32372505543237,46.49,245,,,Downers Grove,2261.2745011086477
Downers Grove 012,54.469854469854475,45.40,262,,,Downers Grove,2259.3970893970895
Milton 097,54.44078947368421,41.63,331,,,Downers Grove,2252.415789473684
Milton 027,57.380457380457386,41.39,276,,,Downers Grove,2251.409147609148
Downers Grove 054,52.40054869684499,41.06,382,,,Downers Grove,2251.2109739369
Downers Grove 063,52.2248243559719,49.04,223,,,Downers Grove,2248.296487119438
Milton 088,54.36363636363636,42.88,299,,,Downers Grove,2243.8727272727274
Milton 052,56.68016194331984,41.40,280,,,Downers Grove,2241.603238866397
Lisle 091,54.515050167224075,41.18,326,,,Downers Grove,2239.9010033444815
York 026,53.64705882352941,46.79,228,,,Downers Grove,2236.7411764705885
Milton 035,55.3941908713693,42.97,267,,,Downers Grove,2234.283817427386
Wayne 023,55.859375,41.41,286,,,West Chicago,2231.3875
Wayne 020,53.84615384615385,45.45,245,,,West Chicago,2230.923076923077
ALG 47,48.29545454545455,42.00,425,,,West Chicago,2230.909090909091
Milton 015,58.02752293577982,40.74,253,,,Downers Grove,2228.3504587155967
Milton 106,40.91816367265469,26.45,205,10.843373493975903,33.17972350230415,Downers Grove,2226.8011169931524
Milton 094,53.30296127562642,46.10,234,,,Downers Grove,2222.0592255125284
Wayne 060,57.14285714285714,45.30,172,,,West Chicago,2220.8571428571427
ALG 51,47.81582054309327,42.91,405,,,Barrington,2219.516410861865
ALG 56,50.989010989010985,48.37,232,,,Barrington,2219.18021978022
ALG 3,51.89873417721519,46.59,246,,,Barrington,2215.774683544304
Wayne 028,55.23255813953488,46.04,190,,,West Chicago,2215.4511627906977
Downers Grove 045,53.81443298969072,43.82,261,,,Downers Grove,2213.6886597938146
Winfield 012,50.46153846153846,43.81,328,,,West Chicago,2213.4307692307693
Naperville 007,52.67034990791897,43.67,286,,,Downers Grove,2212.8069981583794
ALG 41,46.619217081850536,43.98,393,,,Barrington,2204.9843416370104
Lisle 011,52.89389067524116,40.87,329,,,Downers Grove,2204.2778135048234
Milton 044,57.14285714285714,42.04,220,,,Downers Grove,2203.6571428571424
Downers Grove 019,52.23097112860893,48.00,199,,,Downers Grove,2203.6194225721783
ALG 26,50.45871559633027,48.24,220,,,West Chicago,2193.9743119266054
Milton 046,54.45544554455446,41.36,275,,,Downers Grove,2191.308910891089
Milton 060,54.02298850574713,46.11,188,,,Downers Grove,2190.6597701149426
Downers Grove 057,51.78197064989518,45.40,247,,,Downers Grove,2190.6394129979035
York 042,52.4822695035461,45.91,222,,,Downers Grove,2189.845390070922
Wayne 004,50.857142857142854,45.28,267,,,West Chicago,2189.7428571428572
Milton 047,52.23880597014925,43.23,280,,,Downers Grove,2189.376119402985
Downers Grove 065,52.315608919382505,41.87,305,,,Downers Grove,2188.71217838765
Downers Grove 021,54.7576301615799,39.39,305,,,Downers Grove,2187.952603231598
York 018,52.23880597014925,44.49,245,,,Downers Grove,2179.576119402985
Lisle 078,52.18045112781955,39.44,347,,,Downers Grove,2179.409022556391
ALG 13,50.0,45.32,272,,,West Chicago,2178.4
ALG 12,49.8422712933754,43.17,316,,,Barrington,2176.245425867508
Lisle 055,54.73145780051151,43.32,214,,,Downers Grove,2175.02915601023
Milton 020,52.142857142857146,38.32,365,,,Downers Grove,2174.2571428571428
Lisle 083,51.985559566786996,42.23,288,,,Downers Grove,2172.3111913357397
Downers Grove 052,53.937007874015755,40.92,274,,,Downers Grove,2171.140157480315
Wayne 030,52.52918287937744,42.48,270,,,West Chicago,2170.1836575875486
Downers Grove 064,48.9769820971867,40.38,383,,,Downers Grove,2170.139641943734
Wayne 025,52.77108433734939,44.77,219,,,West Chicago,2169.8216867469882
Milton 019,51.173708920187785,40.92,327,,,Downers Grove,2168.8741784037556
Lisle 009,49.898989898989896,46.19,247,,,Downers Grove,2168.779797979798
Wayne 013,49.14675767918089,44.89,288,,,West Chicago,2168.735153583618
Downers Grove 036,51.53846153846153,40.06,335,,,Downers Grove,2166.9692307692308
ALG 35,48.38709677419355,41.95,360,,,West Chicago,2166.741935483871
Downers Grove 030,51.44766146993318,45.33,231,,,Downers Grove,2166.5532293986635
York 046,52.94117647058824,41.43,279,,,Downers Grove,2166.423529411765
Wayne 033,52.83446712018141,43.79,233,,,West Chicago,2165.489342403628
ALG 25,50.77720207253886,47.38,196,,,Barrington,2159.1440414507774
Wayne 059,53.919239904988125,42.65,227,,,West Chicago,2158.3847980997625
Lisle 031,53.39622641509434,40.36,283,,,Downers Grove,2158.124528301887
Milton 092,56.46853146853147,35.28,323,,,Downers Grove,2157.9706293706295
Wayne 021,52.04081632653062,43.00,255,,,West Chicago,2155.816326530612
Milton 083,52.683896620278325,41.70,265,,,Downers Grove,2152.6779324055665
Bloomingdale 018,52.72727272727272,43.19,232,,,West Chicago,2150.3454545454542
ALG 19,50.34642032332564,46.26,218,,,Barrington,2150.128406466513
Milton 011,54.90654205607477,40.69,235,,,Downers Grove,2146.930841121495
Winfield 023,48.78957169459962,45.40,262,,,West Chicago,2145.7914338919927
Winfield 004,52.32,38.49,327,,,Downers Grove,2143.2000000000003
Lisle 016,54.61165048543689,41.29,225,,,Downers Grove,2143.033009708738
Downers Grove 075,50.79365079365079,41.92,288,,,Downers Grove,2142.273015873016
ALG 5,47.05882352941176,40.82,384,,,Barrington,2141.576470588235
8700067,36.16,24.72,226,9.447852760736195,34.375,Barrington,2140.547852760736
ALG 42,46.37336504161712,40.99,390,,,Barrington,2137.2673008323427
Wayne 017,52.838427947598255,41.85,242,,,West Chicago,2135.768558951965
Milton 102,43.22916666666667,25.31,166,9.123434704830053,29.47976878612717,Downers Grove,2135.502143760707
Downers Grove 015,50.81206496519721,44.98,219,,,Downers Grove,2134.841299303944
Winfield 017,48.72979214780601,47.38,211,,,West Chicago,2133.19584295612
Downers Grove 074,49.609984399375975,41.04,318,,,Downers Grove,2130.9996879875193
ALG 11,45.16129032258064,45.23,322,,,Barrington,2129.8258064516126
ALG 22,49.21465968586388,47.76,188,,,Barrington,2127.4931937172773
Winfield 037,50.11820330969267,45.61,212,,,West Chicago,2126.5640661938533
Milton 040,49.31740614334471,42.42,289,,,Downers Grove,2123.7481228668944
Downers Grove 061,51.74050632911392,38.01,327,,,Downers Grove,2122.010126582278
7000005,32.38341968911917,23.42,250,8.837209302325581,37.254901960784316,Barrington,2120.0036423003953
Milton 067,52.820512820512825,42.68,206,,,Downers Grove,2116.0102564102567
Lisle 044,52.995391705069125,41.16,230,,,Downers Grove,2113.107834101382
Milton 063,49.899799599198396,43.23,249,,,Downers Grove,2111.595991983968
Wayne 005,50.6198347107438,42.67,245,,,West Chicago,2110.796694214876
ALG 27,48.717948717948715,45.39,228,,,West Chicago,2110.1589743589743
Milton 009,55.235602094240846,39.69,211,,,Downers Grove,2109.512041884817
Naperville 010,50.712250712250714,36.78,356,,,Downers Grove,2105.845014245014
ALG 31,46.42409033877039,40.36,370,,,West Chicago,2105.681806775408
York 021,51.041666666666664,44.10,196,,,Downers Grove,2098.833333333333
Bloomingdale 058,50.0,40.63,285,,,West Chicago,2097.6
Milton 008,53.400000000000006,38.13,267,,,Downers Grove,2097.6
ALG 1,47.86967418546366,47.33,191,,,Barrington,2094.9934837092733
ALG 39,44.38687392055268,47.24,257,,,Barrington,2089.5374784110536
Lisle 022,52.61261261261261,37.25,292,,,Downers Grove,2089.252252252252
Milton 001,53.61930294906166,40.78,200,,,Downers Grove,2087.9860589812333
Downers Grove 092,51.26436781609195,41.97,223,,,Downers Grove,2087.687356321839
ALG 46,47.002724795640326,40.11,345,,,Barrington,2087.2544959128063
Lisle 006,53.57142857142857,41.77,180,,,Downers Grove,2086.828571428571
Downers Grove 029,49.22118380062305,39.28,316,,,Downers Grove,2086.0236760124612
Downers Grove 047,56.25,39.93,162,,,Downers Grove,2085.6
Downers Grove 014,46.63461538461539,43.02,291,,,Downers Grove,2084.0923076923077
Downers Grove 067,46.366279069767444,41.56,319,,,Downers Grove,2077.525581395349
Milton 048,50.22321428571429,42.38,225,,,Downers Grove,2077.0642857142857
Downers Grove 048,50.8235294117647,41.75,216,,,Downers Grove,2067.470588235294
Lisle 037,50.630630630630634,38.31,281,,,Downers Grove,2059.8126126126126
Winfield 021,47.008547008547005,36.71,385,,,West Chicago,2059.3709401709402
ALG 32,49.59514170040486,41.12,245,,,Barrington,2059.3028340080973
Milton 099,53.74015748031496,35.55,273,,,Downers Grove,2058.8031496062995
Wayne 043,48.516949152542374,42.89,229,,,West Chicago,2057.1389830508474
ALG 43,45.73934837092732,38.77,365,,,Barrington,2055.1869674185464
ALG 6,48.20415879017013,41.62,255,,,Barrington,2051.4831758034024
ALG 38,45.74829931972789,43.31,269,,,Barrington,2050.165986394558
Downers Grove 082,50.967741935483865,35.65,316,,,Downers Grove,2048.354838709677
Downers Grove 084,52.5328330206379,35.88,280,,,Downers Grove,2048.2566604127583
Bloomingdale 043,47.99154334038055,42.92,227,,,West Chicago,2045.2308668076112
Downers Grove 070,47.21518987341772,36.36,373,,,Downers Grove,2044.5037974683546
Milton 050,49.0,40.88,245,,,Downers Grove,2042.6
ALG 29,47.593582887700535,45.55,178,,,Barrington,2040.8716577540108
Milton 059,53.99159663865546,35.10,257,,,Downers Grove,2038.8319327731092
Milton 081,51.01449275362319,42.06,176,,,Downers Grove,2037.4898550724638
York 097,50.306748466257666,39.22,246,,,Downers Grove,2036.5349693251533
Wayne 044,50.13774104683195,42.58,182,,,West Chicago,2036.3548209366388
Wayne 050,49.71098265895954,39.17,258,,,West Chicago,2035.619653179191
Naperville 016,52.95238095238095,34.73,278,,,Downers Grove,2031.647619047619
ALG 8,45.60260586319218,41.83,280,,,Barrington,2028.6521172638436
ALG 66,48.717948717948715,40.28,247,,,Barrington,2026.9589743589745
Milton 016,51.9607843137255,36.12,265,,,Downers Grove,2026.6156862745102
ALG 20,48.26388888888889,46.07,139,,,Barrington,2025.677777777778
Wayne 039,46.88581314878893,40.70,271,,,West Chicago,2022.7162629757786
Downers Grove 037,49.925925925925924,34.35,337,,,Downers Grove,2022.5185185185185
Milton 033,51.7162471395881,38.07,226,,,Downers Grove,2021.7249427917618
Milton 054,52.38095238095239,34.30,286,,,Downers Grove,2019.6190476190477
Wayne 036,48.17275747508305,38.27,290,,,West Chicago,2018.8551495016611
ALG 15,45.31914893617021,44.90,213,,,Barrington,2017.3829787234042
ALG 21,44.85049833887043,42.44,270,,,Barrington,2015.8099667774086
Milton 043,51.69628432956381,33.07,320,,,Downers Grove,2015.3256865912763
ALG 44,44.59203036053131,44.42,235,,,Barrington,2015.2406072106264
Downers Grove 078,49.76635514018692,40.24,213,,,Downers Grove,2013.1271028037386
Downers Grove 079,46.59820282413351,35.89,363,,,Downers Grove,2012.7640564826702
Milton 032,48.6280487804878,36.01,319,,,Downers Grove,2011.7609756097559
8700051,55.24475524475524,0.00,237,0.15723270440251574,33.33333333333333,Barrington,2008.719004266174
ALG 9,46.92028985507246,40.51,259,,,Barrington,2007.6057971014493
Milton 030,49.65034965034965,39.86,213,,,Downers Grove,2003.2069930069931
Ela 88,31.492537313432834,24.07,211,6.839378238341968,33.6734693877551,Barrington,2002.5595122621007
SC0032,33.3907056798623,22.80,194,7.445589919816724,33.85416666666667,Elgin,2002.3430368503962
Winfield 014,47.64795144157815,36.67,314,,,Downers Grove,2000.3590288315631
ALG 68,43.13304721030043,36.69,402,,,Barrington,1998.4609442060087
Wayne 046,49.54128440366973,39.34,216,,,West Chicago,1993.6256880733945
Lisle 043,51.87637969094923,35.91,235,,,Downers Grove,1990.7275938189846
Wayne 058,48.883374689826304,40.66,197,,,West Chicago,1987.867493796526
Wayne 026,50.63291139240506,38.73,200,,,West Chicago,1987.2582278481011
ALG 62,44.297082228116714,38.25,334,,,Barrington,1984.9416445623342
Milton 023,47.795414462081126,37.89,271,,,Downers Grove,1984.7082892416224
Milton 071,52.79069767441861,35.04,227,,,Downers Grove,1983.613953488372
Wayne 006,48.458149779735685,39.59,220,,,West Chicago,1980.962995594714
ALG 48,44.292803970223325,36.80,357,,,West Chicago,1978.8560794044665
Wayne 040,48.853211009174316,39.17,213,,,West Chicago,1973.4642201834863
ALG 58,44.3089430894309,37.99,327,,,Barrington,1972.978861788618
ALG 45,44.42793462109955,39.17,299,,,Barrington,1970.9586924219911
ALG 54,43.862275449101794,40.03,293,,,Barrington,1970.8455089820359
ALG 61,44.339622641509436,44.44,188,,,Barrington,1963.5924528301887
Wayne 055,48.0,38.70,228,,,West Chicago,1962.0
Downers Grove 032,51.64609053497943,33.80,251,,,Downers Grove,1959.9218106995886
York 036,49.40711462450593,35.88,250,,,Downers Grove,1955.7422924901186
Lisle 081,50.10526315789474,35.77,238,,,Downers Grove,1955.505263157895
Lisle 003,49.664429530201346,36.92,222,,,Downers Grove,1953.688590604027
Bloomingdale 080,50.48543689320388,36.74,208,,,West Chicago,1952.5087378640778
Milton 022,47.94520547945205,39.17,210,,,Downers Grove,1952.3041095890412
Milton 055,47.76951672862453,36.93,257,,,Downers Grove,1950.9903345724906
Milton 049,51.17647058823529,33.14,261,,,Downers Grove,1947.3294117647058
Milton 014,50.55928411633109,35.29,226,,,Downers Grove,1942.9856823266218
Downers Grove 027,49.56268221574344,38.99,170,,,Downers Grove,1941.053644314869
ALG 23,44.3019943019943,37.20,311,,,Barrington,1941.039886039886
Wayne 057,46.86192468619247,38.99,224,,,West Chicago,1941.0384937238496
Milton 007,49.271844660194176,37.50,203,,,Downers Grove,1938.4368932038835
Downers Grove 132,50.27932960893855,35.03,180,1.303538175046555,2.413793103448276,Downers Grove,1935.7659924227833
SC0007,31.600547195622436,24.18,231,6.796116504854369,29.056603773584904,Elgin,1934.5391358890013
Milton 065,47.85591766723842,34.88,279,,,Downers Grove,1933.7183533447685
Downers Grove 087,45.516304347826086,34.16,335,,,Downers Grove,1928.5260869565218
Winfield 030,46.09826589595375,34.36,319,,,Downers Grove,1928.165317919075
Wayne 052,48.641975308641975,37.88,197,,,West Chicago,1927.4395061728396
ALG 36,45.960502692998205,37.61,256,,,Barrington,1927.4100538599641
Downers Grove 073,46.28099173553719,41.64,168,,,Downers Grove,1926.4198347107438
Lisle 095,50.42194092827004,33.82,239,,,Downers Grove,1923.8388185654007
York 077,45.8984375,38.51,235,,,Downers Grove,1923.1687499999998
Milton 079,47.01754385964912,35.66,268,,,Downers Grove,1921.5508771929824
Milton 057,49.09090909090909,32.03,297,,,Downers Grove,1919.418181818182
Wayne 009,44.99151103565365,37.39,265,,,West Chicago,1912.630220713073
Milton 090,46.8562874251497,32.85,313,,,Downers Grove,1907.1257485029942
Wayne 007,45.87973273942094,38.90,206,,,West Chicago,1901.5946547884187
Wayne 049,42.570281124497996,41.75,212,,,West Chicago,1898.40562248996
ALG 30,41.25500667556742,38.08,309,,,Barrington,1895.7001335113482
ALG 55,39.62264150943396,39.20,315,,,West Chicago,1891.4528301886792
Milton 029,46.5,38.69,186,,,Downers Grove,1889.8
Downers Grove 097,47.474747474747474,35.15,235,,,Downers Grove,1887.4949494949494
Winfield 006,45.45454545454545,38.12,215,,,Downers Grove,1886.490909090909
Lisle 068,47.22689075630252,32.89,281,,,Downers Grove,1883.3378151260504
Wayne 012,43.35839598997494,42.09,173,,,West Chicago,1881.9679197994988
ALG 65,43.351351351351354,30.65,401,,,Barrington,1881.027027027027
ALG 64,44.397463002114165,38.88,210,,,Barrington,1875.5492600422833
Downers Grove 085,50.11709601873536,32.64,214,,,Downers Grove,1869.1419203747073
Bloomingdale 089,46.65012406947891,37.22,188,,,West Chicago,1865.4024813895783
York 064,44.23480083857442,38.33,211,,,Downers Grove,1862.2960167714882
ALG 33,40.40816326530612,37.66,297,,,Barrington,1858.3632653061222
Wayne 002,44.18181818181818,36.50,243,,,West Chicago,1856.6363636363635
Wayne 035,46.908315565031984,34.74,220,,,West Chicago,1852.9663113006397
Downers Grove 066,44.175824175824175,38.20,201,,,Downers Grove,1848.5164835164835
Winfield 002,42.87833827893175,34.92,289,,,West Chicago,1844.9667655786352
Milton 085,46.397188049209134,32.65,264,,,Downers Grove,1844.9437609841827
Lisle 014,47.47320061255743,29.25,310,,,Downers Grove,1844.4640122511487
ALG 60,45.56574923547401,39.18,149,,,West Chicago,1843.9149847094802
ALG 14,42.20032840722496,37.13,257,,,Barrington,1843.6065681444993
ALG 28,40.59561128526646,38.62,259,,,Barrington,1843.3122257053292
Milton 077,50.779510022271715,29.80,228,,,Downers Grove,1839.5902004454342
Winfield 022,43.50877192982456,35.56,248,,,Downers Grove,1829.3754385964912
Milton 017,46.52777777777778,34.57,201,,,Downers Grove,1822.9555555555555
Downers Grove 083,45.28301886792453,31.36,288,,,Downers Grove,1820.8603773584907
Milton 082,50.13123359580053,31.27,191,,,Downers Grove,1819.0246719160104
Milton 084,44.78114478114478,32.16,266,,,Downers Grove,1804.8228956228954
Wayne 022,41.71322160148976,37.19,224,,,West Chicago,1802.0644320297952
ALG 67,42.835595776772244,32.88,284,,,Barrington,1798.3119155354448
Downers Grove 007,46.92179700499168,28.87,282,,,Downers Grove,1797.8359400998336
Milton 091,44.776119402985074,34.58,210,,,Downers Grove,1797.1223880597013
Milton 075,47.24857685009488,29.74,249,,,Downers Grove,1788.7715370018975
Downers Grove 055,48.46335697399527,30.58,205,,,Downers Grove,1785.8671394799053
York 019,44.72843450479233,37.50,140,,,Downers Grove,1784.5686900958467
Milton 098,45.073375262054505,33.40,215,,,Downers Grove,1784.46750524109
Wayne 032,45.258620689655174,33.41,210,,,West Chicago,1783.3724137931035
ALG 7,48.51190476190476,32.43,163,,,Barrington,1781.8380952380953
York 003,45.54865424430642,32.50,220,,,Downers Grove,1780.9730848861284
York 106,32.233502538071065,22.42,127,6.148282097649186,27.419354838709676,Downers Grove,1774.605429633264
Downers Grove 028,48.44124700239808,29.67,202,,,Downers Grove,1764.2249400479618
Naperville 061,44.7787610619469,30.77,253,,,Downers Grove,1763.975221238938
Downers Grove 038,46.38218923933209,29.30,250,,,Downers Grove,1763.6437847866418
Winfield 020,41.41414141414141,34.07,246,,,Downers Grove,1755.6828282828283
Downers Grove 006,46.82203389830508,29.88,221,,,Downers Grove,1755.0406779661016
Milton 074,45.03968253968254,31.21,227,,,Downers Grove,1751.9936507936509
Downers Grove 044,43.25481798715203,33.90,202,,,Downers Grove,1745.0963597430405
Milton 018,43.75987361769352,29.33,277,,,Downers Grove,1738.7974723538705
Winfield 018,43.170731707317074,34.37,177,,,Downers Grove,1727.8146341463416
Downers Grove 098,44.20849420849421,30.38,229,,,Downers Grove,1720.7698841698843
Milton 005,40.29363784665579,33.17,247,,,Downers Grove,1716.272756933116
Wayne 011,43.89233954451346,31.25,212,,,West Chicago,1714.8467908902692
Downers Grove 059,42.26190476190476,32.07,213,,,Downers Grove,1699.638095238095
ALG 18,38.681318681318686,37.50,176,,,Barrington,1699.6263736263736
Lisle 007,42.19269102990033,36.43,127,,,Downers Grove,1699.4538205980066
ALG 17,38.095238095238095,31.17,312,,,Barrington,1697.304761904762
ALG 50,39.77455716586151,32.43,247,,,Barrington,1691.09114331723
Naperville 084,44.28274428274428,29.16,213,,,Downers Grove,1681.8548856548857
Milton 061,45.662100456621005,28.23,200,,,Downers Grove,1677.8420091324201
Milton 025,41.81184668989547,29.38,240,,,Downers Grove,1663.8369337979093
Winfield 008,39.948453608247426,35.09,155,,,West Chicago,1655.7690721649487
Milton 003,41.35090609555189,28.82,251,,,Downers Grove,1654.4181219110378
Downers Grove 016,44.221105527638194,29.68,176,,,Downers Grove,1654.022110552764
Milton 028,40.74675324675325,29.09,251,,,Downers Grove,1647.735064935065
Milton 031,41.19241192411924,32.51,152,,,Downers Grove,1626.048238482385
Wayne 008,39.83739837398374,33.95,147,,,West Chicago,1622.7479674796748
Milton 039,41.6822429906542,27.42,223,,,Downers Grove,1605.0448598130843
Milton 037,39.33463796477495,30.73,201,,,Downers Grove,1602.2927592954989
Winfield 007,39.06542056074767,28.96,209,,,West Chicago,1569.5084112149534
ALG 16,36.06811145510836,29.78,233,,,Barrington,1549.9622291021672
York 030,37.8698224852071,29.90,192,,,Downers Grove,1547.396449704142
Milton 004,39.25399644760213,26.99,221,,,Downers Grove,1545.8799289520425
Wayne 048,37.37201365187713,28.97,219,,,West Chicago,1545.8402730375426
Milton 087,43.11377245508982,22.69,216,,,Downers Grove,1532.0754491017965
Milton 095,39.79057591623037,24.66,228,,,Downers Grove,1517.0115183246073
Winfield 019,38.22393822393823,27.66,198,,,West Chicago,1515.6787644787646
Milton 051,41.24087591240876,28.16,113,,,Downers Grove,1501.0175182481753
ALG 49,34.552102376599635,30.19,189,,,Barrington,1483.8420475319926
Wayne 010,38.13747228381374,26.62,172,,,West Chicago,1467.1494456762748
Wayne 037,34.709193245778614,27.17,185,,,West Chicago,1422.5838649155723
Wayne 001,34.038054968287526,28.63,161,,,West Chicago,1414.3610993657505
Wayne 056,34.3980343980344,27.74,140,,,West Chicago,1382.7606879606878
Bloomingdale 045,31.0126582278481,19.04,147,,,West Chicago,1148.053164556962
Wayne 003,28.705882352941174,22.25,122,,,West Chicago,1141.1176470588234
