Precinct,Registered Voters,Barack Obama,Mitt Romney,Gary Johnson,Jill Stein
Wayne  001,750,169,403,3,3,0,0,0,0,0,0,0,0,0,0,0,0,0,0,0,0,
Wayne  002,449,117,193,4,2,0,0,0,0,0,0,0,0,0,0,0,0,0,0,0,0,
Wayne  003,1222,313,526,14,7,0,0,0,0,0,0,0,0,0,0,0,0,0,0,0,0,
Wayne  004,1096,390,318,16,4,0,0,0,0,0,0,0,0,0,0,0,0,0,0,0,0,
Wayne  005,1145,407,388,1,2,0,0,0,0,0,0,0,0,0,0,0,0,0,0,0,0,
Wayne  006,1145,386,396,12,3,0,0,0,0,0,0,0,0,0,0,0,0,0,0,0,0,
Wayne  007,980,349,308,5,2,0,0,0,0,0,0,0,0,0,0,0,0,0,0,0,0,
Wayne  008,910,241,426,7,1,0,0,0,0,0,0,0,0,0,0,0,0,0,0,0,0,
Wayne  009,1050,312,418,14,5,0,0,0,0,0,0,0,0,0,0,0,0,0,0,0,0,
Wayne  010,940,254,429,11,4,0,0,0,0,0,0,0,0,0,0,0,0,0,0,0,0,
Wayne  011,880,287,358,12,4,0,0,0,0,0,0,0,0,0,0,0,0,0,0,0,0,
Wayne  012,828,295,243,3,11,0,0,0,0,0,0,0,0,0,0,0,0,0,0,0,0,
Wayne  013,1233,448,431,5,1,0,0,0,0,0,0,0,0,0,0,0,0,0,0,0,0,
Wayne  014,982,377,261,8,4,0,0,0,0,0,0,0,0,0,0,0,0,0,0,0,0,
Wayne  015,986,420,222,8,2,0,0,0,0,0,0,0,0,0,0,0,0,0,0,0,0,
Wayne  016,1064,475,184,3,1,0,0,0,0,0,0,0,0,0,0,0,0,0,0,0,0,
Wayne  017,1378,487,488,12,7,0,0,0,0,0,0,0,0,0,0,0,0,0,0,0,0,
Wayne  018,1288,454,396,7,1,0,0,0,0,0,0,0,0,0,0,0,0,0,0,0,0,
Wayne  019,900,346,191,5,2,0,0,0,0,0,0,0,0,0,0,0,0,0,0,0,0,
Wayne  020,771,293,248,5,2,0,0,0,0,0,0,0,0,0,0,0,0,0,0,0,0,
Wayne  021,1112,393,366,11,3,0,0,0,0,0,0,0,0,0,0,0,0,0,0,0,0,
Wayne  022,678,185,309,4,2,0,0,0,0,0,0,0,0,0,0,0,0,0,0,0,0,
Wayne  023,794,285,280,6,3,0,0,0,0,0,0,0,0,0,0,0,0,0,0,0,0,
Wayne  024,872,351,218,10,3,0,0,0,0,0,0,0,0,0,0,0,0,0,0,0,0,
Wayne  025,892,303,278,6,3,0,0,0,0,0,0,0,0,0,0,0,0,0,0,0,0,
Wayne  026,572,205,199,3,0,0,0,0,0,0,0,0,0,0,0,0,0,0,0,0,0,
Wayne  027,856,331,176,9,1,0,0,0,0,0,0,0,0,0,0,0,0,0,0,0,0,
Wayne  028,917,333,256,5,2,0,0,0,0,0,0,0,0,0,0,0,0,0,0,0,0,
Wayne  029,971,364,234,5,6,0,0,0,0,0,0,0,0,0,0,0,0,0,0,0,0,
Wayne  030,1031,360,349,7,1,0,0,0,0,0,0,0,0,0,0,0,0,0,0,0,0,
Wayne  031,914,368,147,6,3,0,0,0,0,0,0,0,0,0,0,0,0,0,0,0,0,
Wayne  032,632,173,277,2,3,0,0,0,0,0,0,0,0,0,0,0,0,0,0,0,0,
Wayne  033,622,245,228,2,1,0,0,0,0,0,0,0,0,0,0,0,0,0,0,0,0,
Wayne  034,1061,427,265,9,4,0,0,0,0,0,0,0,0,0,0,0,0,0,0,0,0,
Wayne  035,948,312,387,3,0,0,0,0,0,0,0,0,0,0,0,0,0,0,0,0,0,
Wayne  036,941,306,355,5,7,0,0,0,0,0,0,0,0,0,0,0,0,0,0,2,0,
Wayne  037,1067,277,491,13,2,0,0,0,0,0,0,0,0,0,0,0,0,0,0,0,0,
Wayne  038,1008,374,288,8,4,0,0,0,0,0,0,0,0,0,0,0,0,0,0,0,0,
Wayne  039,742,247,288,1,3,0,0,0,0,0,0,0,0,0,0,0,0,0,0,0,0,
Wayne  040,999,345,403,8,2,0,0,0,0,0,0,0,0,0,0,0,0,0,0,0,0,
Wayne  041,363,134,126,0,1,0,0,0,0,0,0,0,0,0,0,0,0,0,0,0,0,
Wayne  042,1140,451,292,6,4,0,0,0,0,0,0,0,0,0,0,0,0,0,0,0,0,
Bloomingdale  001,577,206,247,1,1,0,0,0,0,0,0,0,0,0,0,0,0,0,0,0,0,
Bloomingdale  002,1052,363,298,10,5,0,0,0,0,0,0,0,0,0,0,0,0,0,0,0,0,
Bloomingdale  003,1176,427,367,16,6,0,0,0,0,0,0,0,0,0,0,0,0,0,0,0,0,
Bloomingdale  004,1094,349,351,10,1,0,0,0,0,0,0,0,0,0,0,0,0,0,0,0,0,
Bloomingdale  005,860,308,259,9,6,0,0,0,0,0,0,0,0,2,0,0,0,0,0,0,0,
Bloomingdale  006,681,248,159,7,2,0,0,0,0,0,0,0,0,0,0,0,0,0,0,0,0,
Bloomingdale  007,586,176,193,6,1,0,0,0,0,0,0,0,0,0,0,0,0,0,0,0,0,
Bloomingdale  008,466,117,233,1,1,0,0,0,0,0,0,0,0,0,0,0,0,0,0,0,0,
Bloomingdale  009,1011,356,315,8,5,0,0,0,0,0,0,0,0,0,0,0,0,0,0,1,0,
Bloomingdale  010,929,287,298,9,5,0,0,0,0,0,0,0,0,0,0,0,0,0,0,2,0,
Bloomingdale  011,529,151,220,12,2,0,0,0,0,0,0,0,0,0,0,0,0,0,0,0,0,
Bloomingdale  012,620,233,212,4,2,0,0,0,0,0,0,0,0,0,0,0,0,0,0,0,0,
Bloomingdale  013,646,151,295,8,0,0,0,0,0,0,0,0,0,0,0,0,0,0,0,0,0,
Bloomingdale  014,785,300,140,10,5,0,0,0,0,0,0,0,0,0,0,0,0,0,0,0,0,
Bloomingdale  015,1065,381,255,5,4,0,0,0,0,0,0,0,0,0,0,0,0,0,0,1,0,
Bloomingdale  016,567,189,151,7,1,0,0,0,0,0,0,0,0,0,0,0,0,0,0,0,0,
Bloomingdale  017,650,166,300,3,1,0,0,0,0,0,0,0,0,0,0,0,0,0,0,0,0,
Bloomingdale  018,897,337,274,9,7,0,0,0,0,0,0,0,0,0,0,0,0,0,0,0,0,
Bloomingdale  019,864,262,333,5,2,0,0,0,0,0,0,0,0,0,0,0,0,0,0,0,0,
Bloomingdale  020,874,277,349,7,1,0,0,0,0,0,0,0,0,0,0,0,0,0,0,0,0,
Bloomingdale  021,603,194,197,10,1,0,0,0,0,0,0,0,0,0,0,0,0,0,0,0,0,
Bloomingdale  022,971,393,197,3,1,0,0,0,0,0,0,0,0,0,0,0,0,0,0,0,0,
Bloomingdale  023,896,333,182,9,2,0,0,0,0,0,0,0,0,0,0,0,0,0,0,0,0,
Bloomingdale  024,885,334,288,15,7,0,0,0,0,0,0,0,0,0,0,0,0,0,0,0,0,
Bloomingdale  025,502,194,127,5,1,0,0,0,0,0,0,0,0,0,0,0,0,0,0,0,0,
Bloomingdale  026,944,379,265,13,3,0,0,0,0,0,0,0,0,0,0,0,0,0,0,0,0,
Bloomingdale  027,557,212,121,6,2,0,0,0,0,0,0,0,0,0,0,0,0,0,0,0,0,
Bloomingdale  028,1056,435,167,5,2,0,0,0,0,0,0,0,0,0,0,0,0,0,0,0,0,
Bloomingdale  029,540,132,252,2,1,0,0,0,0,0,0,0,0,0,0,0,0,0,0,0,0,
Bloomingdale  030,684,255,221,4,1,0,0,0,0,0,0,0,0,0,0,0,0,0,0,0,0,
Bloomingdale  031,1206,348,376,6,4,0,0,0,0,0,0,0,0,0,0,0,0,0,0,0,0,
Bloomingdale  032,659,150,319,3,2,0,0,0,0,0,0,0,0,0,0,0,0,0,0,0,0,
Bloomingdale  033,791,267,265,7,2,0,0,0,0,0,0,0,0,0,0,0,0,0,0,0,0,
Bloomingdale  034,1006,321,351,5,2,0,0,0,0,0,0,0,0,0,0,0,0,0,0,0,0,
Bloomingdale  035,1028,431,152,6,4,0,0,0,0,0,0,0,0,0,0,0,0,0,0,0,0,
Bloomingdale  036,694,270,229,3,1,0,0,0,0,0,0,0,0,0,0,0,0,0,0,0,0,
Bloomingdale  037,648,250,150,3,0,0,0,0,0,0,0,0,0,0,0,0,0,0,0,0,0,
Bloomingdale  038,860,350,219,6,4,0,0,0,0,0,0,0,0,0,0,0,0,0,0,0,0,
Bloomingdale  039,1332,517,342,8,4,0,0,0,0,0,0,0,0,0,0,0,0,0,0,0,0,
Bloomingdale  040,943,372,205,6,8,0,0,0,0,0,0,0,0,0,0,0,0,0,0,0,0,
Bloomingdale  041,677,252,187,7,2,0,0,0,0,0,0,0,0,0,0,0,0,0,0,2,0,
Bloomingdale  042,964,379,231,10,1,0,0,0,0,0,0,0,0,0,0,0,0,0,0,0,0,
Bloomingdale  043,584,204,175,11,0,0,0,0,0,0,0,0,0,0,0,0,0,0,0,0,0,
Bloomingdale  044,268,88,82,2,3,0,0,0,0,0,0,0,0,0,0,0,0,0,0,0,0,
Bloomingdale  045,509,105,293,2,1,0,0,0,0,0,0,0,0,0,0,0,0,0,0,0,0,
Bloomingdale  046,929,303,345,4,3,0,0,0,0,0,0,0,0,0,0,0,0,0,0,0,0,
Bloomingdale  047,1065,409,249,7,1,0,0,0,0,0,0,0,0,0,0,0,0,0,0,0,0,
Bloomingdale  048,630,255,122,1,3,0,0,0,0,0,0,0,0,0,0,0,0,0,0,0,0,
Bloomingdale  049,1020,350,368,3,2,0,0,0,0,0,0,0,0,0,0,0,0,0,0,0,0,
Bloomingdale  050,714,277,145,5,4,0,0,0,0,0,0,0,0,0,0,0,0,0,0,0,0,
Bloomingdale  051,428,140,121,6,2,0,0,0,0,0,0,0,0,0,0,0,0,0,0,0,0,
Bloomingdale  052,1082,413,219,6,2,0,0,0,0,0,0,0,0,0,0,0,0,0,0,0,0,
Bloomingdale  053,1441,584,377,15,7,0,0,0,0,0,0,0,0,0,0,0,0,0,0,0,0,
Bloomingdale  054,1043,403,291,5,1,0,0,0,0,0,0,0,0,0,0,0,0,0,0,0,0,
Bloomingdale  055,1394,484,438,14,6,0,0,0,0,0,0,0,0,0,0,0,0,0,0,0,0,
Bloomingdale  056,1059,308,432,5,3,0,0,0,0,0,0,0,0,0,0,0,0,0,0,0,0,
Bloomingdale  057,1009,407,124,12,2,0,0,0,0,0,0,0,0,0,0,0,0,0,0,0,0,
Bloomingdale  058,1248,456,389,13,3,0,0,0,0,0,0,0,0,0,0,0,0,0,0,0,0,
Bloomingdale  059,1520,568,454,9,1,0,0,0,0,0,0,0,0,0,0,0,0,0,0,0,0,
Bloomingdale  060,1469,578,382,15,6,0,0,0,0,0,0,0,0,0,0,0,0,0,0,0,0,
Bloomingdale  061,542,161,200,5,3,0,0,0,0,0,0,0,0,0,0,0,0,0,0,0,0,
Bloomingdale  062,993,399,275,4,5,0,0,0,0,0,0,0,0,0,0,0,0,0,0,0,0,
Bloomingdale  063,597,252,126,8,1,0,0,0,0,0,0,0,0,0,0,0,0,0,0,0,0,
Bloomingdale  064,664,265,165,4,2,0,0,0,0,0,0,0,0,0,0,0,0,0,0,0,0,
Bloomingdale  065,710,208,245,3,1,0,0,0,0,0,0,0,0,0,0,0,0,0,0,0,0,
Bloomingdale  066,851,284,329,5,1,0,0,0,0,0,0,0,0,0,0,0,0,0,0,0,0,
Bloomingdale  067,945,371,223,8,0,0,0,0,0,0,0,0,0,0,0,0,0,0,0,0,0,
Bloomingdale  068,1238,467,358,7,1,0,0,0,0,0,0,0,0,0,0,0,0,0,0,0,0,
Bloomingdale  069,948,423,99,4,2,0,0,0,0,0,0,0,0,0,0,0,0,0,0,0,0,
Bloomingdale  070,594,165,270,5,3,0,0,0,0,0,0,0,0,0,0,0,0,0,0,0,0,
Bloomingdale  071,690,200,296,2,3,0,0,0,0,0,0,0,0,0,0,0,0,0,0,0,0,
Bloomingdale  072,1076,422,283,11,5,0,0,0,0,0,0,0,0,0,0,0,0,0,0,0,0,
Addison  001,947,414,200,11,6,0,0,0,0,0,0,0,0,0,0,0,0,0,0,0,0,
Addison  002,585,228,99,2,2,0,0,0,0,0,0,0,0,0,0,0,0,0,0,0,0,
Addison  003,993,334,421,7,2,0,0,0,0,0,0,0,0,0,0,0,0,0,0,0,0,
Addison  004,649,222,275,7,2,0,0,0,0,0,0,0,0,0,0,0,0,0,0,0,0,
Addison  005,398,136,142,1,0,0,0,0,0,0,0,0,0,0,0,0,0,0,0,0,0,
Addison  006,811,307,260,6,4,0,0,0,0,0,0,0,0,0,0,0,0,0,0,0,0,
Addison  007,463,176,135,2,2,0,0,0,0,0,0,0,0,0,0,0,0,0,0,0,0,
Addison  008,646,273,233,6,3,0,0,0,0,0,0,0,0,0,0,0,0,0,0,0,0,
Addison  009,515,223,124,5,3,0,0,0,0,0,0,0,0,0,0,0,0,0,0,0,0,
Addison  010,429,166,81,6,2,0,0,0,0,0,0,0,0,0,0,0,0,0,0,0,0,
Addison  011,801,318,204,9,1,0,0,0,0,0,0,0,0,0,0,0,0,0,0,0,0,
Addison  012,819,329,194,7,2,0,0,0,0,0,0,0,0,0,0,0,0,0,0,0,0,
Addison  013,544,162,230,7,6,0,0,0,0,0,0,0,0,0,0,0,0,0,0,0,0,
Addison  014,714,282,141,4,0,0,0,0,0,0,0,0,0,0,0,0,0,0,0,0,0,
Addison  015,808,266,265,7,3,0,0,0,0,0,0,0,0,0,0,0,0,0,0,0,0,
Addison  016,876,326,285,6,0,0,0,0,0,0,0,0,0,0,0,0,0,0,0,0,0,
Addison  017,495,166,171,3,3,0,0,0,0,0,0,0,0,0,0,0,0,0,0,0,0,
Addison  018,798,225,298,2,0,0,0,0,0,0,0,0,0,0,0,0,0,0,0,0,0,
Addison  019,747,302,152,5,1,0,0,0,0,0,0,0,0,0,0,0,0,0,0,0,0,
Addison  020,812,298,221,4,5,0,0,0,0,0,0,0,0,0,0,0,0,0,0,0,0,
Addison  021,596,213,153,4,4,0,0,0,0,0,0,0,0,0,0,0,0,0,0,0,0,
Addison  022,1095,398,391,3,0,0,0,0,0,0,0,0,0,0,0,0,0,0,0,0,0,
Addison  023,912,273,370,11,0,0,0,0,0,0,0,0,0,0,0,0,0,0,0,1,0,
Addison  024,406,94,186,0,1,0,0,0,0,0,0,0,0,0,0,0,0,0,0,0,0,
Addison  025,577,202,213,4,2,0,0,0,0,0,0,0,0,0,0,0,0,0,0,0,0,
Addison  026,813,309,233,8,3,0,0,0,0,0,0,0,0,0,0,0,0,0,0,0,0,
Addison  027,515,211,104,2,1,0,0,0,0,0,0,0,0,0,0,0,0,0,0,0,0,
Addison  028,291,106,46,1,2,0,0,0,0,0,0,0,0,0,0,0,0,0,0,0,0,
Addison  029,714,245,260,4,0,0,0,0,0,0,0,0,0,0,0,0,0,0,0,0,0,
Addison  030,953,376,267,4,4,0,0,0,0,0,0,0,0,0,0,0,0,0,0,0,0,
Addison  031,778,266,204,3,7,0,0,0,0,0,0,0,0,0,0,0,0,0,0,0,0,
Addison  032,1105,354,433,5,4,0,0,0,0,0,0,0,0,0,0,0,0,0,0,0,0,
Addison  033,868,382,139,5,1,0,0,0,0,0,0,0,0,0,0,0,0,0,0,0,0,
Addison  034,863,330,197,7,3,0,0,0,0,0,0,0,0,0,0,0,0,0,0,0,0,
Addison  035,729,254,215,5,3,0,0,0,0,0,0,0,0,0,0,0,0,0,0,0,0,
Addison  036,597,201,154,1,3,0,0,0,0,0,0,0,0,0,0,0,0,0,0,0,0,
Addison  037,555,198,134,1,4,0,0,0,0,0,0,0,0,0,0,0,0,0,0,0,0,
Addison  038,787,258,289,8,4,0,0,0,0,0,0,0,0,0,0,0,0,0,0,0,0,
Addison  039,1007,344,353,10,4,0,0,0,0,0,0,0,0,0,0,0,0,0,0,1,0,
Addison  040,774,296,235,3,5,0,0,0,0,0,0,0,0,0,0,0,0,0,0,0,0,
Addison  041,653,215,179,4,1,0,0,0,0,0,0,0,0,0,0,0,0,0,0,0,0,
Addison  042,480,158,176,2,1,0,0,0,0,0,0,0,0,0,0,0,0,0,0,0,0,
Addison  043,678,258,146,6,2,0,0,0,0,0,0,0,0,0,0,0,0,0,0,0,0,
Addison  044,545,192,152,6,3,0,0,0,0,0,0,0,0,0,0,0,0,0,0,0,0,
Addison  045,641,250,184,6,2,0,0,0,0,0,0,0,0,0,0,0,0,0,0,0,0,
Addison  046,419,162,135,3,0,0,0,0,0,0,0,0,0,0,0,0,0,0,0,0,0,
Addison  047,1145,313,405,4,3,0,0,0,0,0,0,0,0,0,0,0,0,0,0,0,0,
Addison  048,534,196,85,1,0,0,0,0,0,0,0,0,0,0,0,0,0,0,0,0,0,
Addison  049,677,255,135,0,3,0,0,0,0,0,0,0,0,0,0,0,0,0,0,0,0,
Addison  050,976,286,378,9,4,0,0,0,0,0,0,0,0,0,0,0,0,0,0,0,0,
Addison  051,625,180,238,1,3,0,0,0,0,0,0,0,0,0,0,0,0,0,0,0,0,
Addison  052,590,178,239,8,2,0,0,0,0,0,0,0,0,0,0,0,0,0,0,0,0,
Addison  053,887,305,280,5,0,0,0,0,0,0,0,0,0,0,0,0,0,0,0,0,0,
Addison  054,703,227,238,4,6,0,0,0,0,0,0,0,0,0,0,0,0,0,0,0,0,
Addison  055,658,264,195,2,1,0,0,0,0,0,0,0,0,0,0,0,0,0,0,0,0,
Addison  056,784,280,166,5,2,0,0,0,0,0,0,0,0,0,0,0,0,0,0,0,0,
Addison  057,575,209,137,1,1,0,0,0,0,0,0,0,0,0,0,0,0,0,0,0,0,
Addison  058,394,132,133,2,2,0,0,0,0,0,0,0,0,0,0,0,0,0,0,0,0,
Addison  059,652,191,233,6,2,0,0,0,0,0,0,0,0,0,0,0,0,0,0,0,0,
Addison  060,645,196,242,2,1,0,0,0,0,0,0,0,0,0,0,0,0,0,0,0,0,
Addison  061,487,156,189,4,2,0,0,0,0,0,0,0,0,0,0,0,0,0,0,0,0,
Addison  062,586,222,227,4,2,0,0,0,0,0,0,0,0,0,0,0,0,0,0,0,0,
Addison  063,678,237,168,6,2,0,0,0,0,0,0,0,0,0,0,0,0,0,0,0,0,
Winfield  001,780,271,176,9,2,0,0,0,0,0,0,0,0,0,0,0,0,0,0,0,0,
Winfield  002,775,265,302,7,6,0,0,0,0,0,0,0,0,0,0,0,0,0,0,0,0,
Winfield  003,597,234,114,4,3,0,0,0,0,0,0,0,0,0,0,0,0,0,0,0,0,
Winfield  004,744,260,326,11,1,0,0,0,0,0,0,0,0,0,0,0,0,0,0,0,0,
Winfield  005,642,228,212,4,2,0,0,0,0,0,0,0,0,0,0,0,0,0,0,0,0,
Winfield  006,615,180,259,2,4,0,0,0,0,0,0,0,0,0,0,0,0,0,0,0,0,
Winfield  007,775,195,393,7,4,0,0,0,0,0,0,0,0,0,0,0,0,0,0,0,0,
Winfield  008,513,158,194,3,4,0,0,0,0,0,0,0,0,0,0,0,0,0,0,0,0,
Winfield  009,770,288,113,5,2,0,0,0,0,0,0,0,0,0,0,0,0,0,0,0,0,
Winfield  010,689,229,283,7,6,0,0,0,0,0,0,0,0,0,0,0,0,0,0,0,0,
Winfield  011,635,222,162,6,2,0,0,0,0,0,0,0,0,0,0,0,0,0,0,0,0,
Winfield  012,867,320,267,8,2,0,0,0,0,0,0,0,0,0,0,0,0,0,0,2,0,
Winfield  013,551,217,112,6,2,0,0,0,0,0,0,0,0,0,0,0,0,0,0,0,0,
Winfield  014,807,285,337,8,8,0,0,0,0,0,0,0,0,0,0,0,0,0,0,0,0,
Winfield  015,655,215,232,7,1,0,0,0,0,0,0,0,0,0,0,0,0,0,0,0,0,
Winfield  016,770,315,241,2,7,0,0,0,0,0,0,0,0,0,0,0,0,0,0,0,0,
Winfield  017,590,203,201,2,4,0,0,0,0,0,0,0,0,0,0,0,0,0,0,0,0,
Winfield  018,573,180,251,6,1,0,0,0,0,0,0,0,0,0,0,0,0,0,0,0,0,
Winfield  019,640,169,337,5,1,0,0,0,0,0,0,0,0,0,0,0,0,0,0,0,0,
Winfield  020,802,240,314,13,0,0,0,0,0,0,0,0,0,0,0,0,0,0,0,0,0,
Winfield  021,867,298,369,5,5,0,0,0,0,0,0,0,0,0,0,0,0,0,0,1,0,
Winfield  022,793,232,338,10,7,0,0,0,0,0,0,0,0,0,0,0,0,0,0,0,0,
Winfield  023,743,240,236,2,2,0,0,0,0,0,0,0,0,0,0,0,0,0,0,0,0,
Winfield  024,677,274,264,8,2,0,0,0,0,0,0,0,0,0,0,0,0,0,0,0,0,
Winfield  025,652,272,123,6,4,0,0,0,0,0,0,0,0,0,0,0,0,0,0,0,0,
Winfield  026,483,173,178,1,3,0,0,0,0,0,0,0,0,0,0,0,0,0,0,0,0,
Winfield  027,778,306,226,12,7,0,0,0,0,0,0,0,0,0,0,0,0,0,0,1,0,
Winfield  028,836,281,279,12,8,0,0,0,0,0,0,0,0,0,0,0,0,0,0,0,0,
Winfield  029,632,248,187,4,3,0,0,0,0,0,0,0,0,0,0,0,0,0,0,0,0,
Winfield  030,883,288,385,8,4,0,0,0,0,0,0,0,0,0,0,0,0,0,0,0,0,
Winfield  031,636,244,183,13,5,0,0,0,0,0,0,0,0,0,0,0,0,0,0,0,0,
Winfield  032,602,274,57,3,3,0,0,0,0,0,0,0,0,0,0,0,0,0,0,0,0,
Winfield  033,623,255,210,4,7,0,0,0,0,0,0,0,0,0,0,0,0,0,0,1,0,
Winfield  034,584,220,175,4,3,0,0,0,0,0,0,0,0,0,0,0,0,0,0,0,0,
Winfield  035,679,205,263,9,3,0,0,0,0,0,0,0,0,0,0,0,0,0,0,0,0,
Winfield  036,583,223,155,3,0,0,0,0,0,0,0,0,0,0,0,0,0,0,0,0,0,
Winfield  037,612,211,182,8,2,0,0,0,0,0,0,0,0,0,0,0,0,0,0,0,0,
Milton  001,455,172,193,4,4,0,0,0,0,0,0,0,0,0,0,0,0,0,0,0,0,
Milton  002,681,269,279,7,0,0,0,0,0,0,0,0,0,0,0,0,0,0,0,0,0,
Milton  003,848,244,423,11,1,0,0,0,0,0,0,0,0,0,0,0,0,0,0,0,0,
Milton  004,506,134,265,3,3,0,0,0,0,0,0,0,0,0,0,0,0,0,0,0,0,
Milton  005,598,232,233,7,3,0,0,0,0,0,0,0,0,0,0,0,0,0,0,0,0,
Milton  006,564,232,214,4,0,0,0,0,0,0,0,0,0,0,0,0,0,0,0,0,0,
Milton  007,459,144,204,6,2,0,0,0,0,0,0,0,0,0,0,0,0,0,0,0,0,
Milton  008,816,249,389,4,2,0,0,0,0,0,0,0,0,0,0,0,0,0,0,0,0,
Milton  009,461,139,209,3,1,0,0,0,0,0,0,0,0,0,0,0,0,0,0,0,0,
Milton  010,614,234,248,2,4,0,0,0,0,0,0,0,0,0,0,0,0,0,0,0,0,
Milton  011,545,191,215,9,3,0,0,0,0,0,0,0,0,0,0,0,0,0,0,0,0,
Milton  012,471,193,188,1,0,0,0,0,0,0,0,0,0,0,0,0,0,0,0,0,0,
Milton  013,686,257,284,5,1,0,0,0,0,0,0,0,0,0,0,0,0,0,0,0,0,
Milton  014,605,204,293,2,3,0,0,0,0,0,0,0,0,0,0,0,0,0,0,0,0,
Milton  015,733,270,299,11,7,0,0,0,0,0,0,0,0,0,0,0,0,0,0,0,0,
Milton  016,625,216,277,4,2,0,0,0,0,0,0,0,0,0,0,0,0,0,0,0,0,
Milton  017,891,277,406,12,4,0,0,0,0,0,0,0,0,0,0,0,0,0,0,0,0,
Milton  018,872,239,422,5,4,0,0,0,0,0,0,0,0,0,0,0,0,0,0,0,0,
Milton  019,870,263,399,5,1,0,0,0,0,0,0,0,0,0,0,0,0,0,0,0,0,
Milton  020,624,201,279,3,4,0,0,0,0,0,0,0,0,0,0,0,0,0,0,0,0,
Milton  021,580,251,181,5,2,0,0,0,0,0,0,0,0,0,0,1,0,0,0,0,0,
Milton  022,507,173,165,12,2,0,0,0,0,0,0,0,0,0,0,0,0,0,0,0,0,
Milton  023,745,224,315,1,4,0,0,0,0,0,0,0,0,0,0,0,0,0,0,0,0,
Milton  024,510,190,151,3,7,0,0,0,0,0,0,0,0,0,0,0,0,0,0,0,0,
Milton  025,812,192,452,3,3,0,0,0,0,0,0,0,0,0,0,0,0,0,0,0,0,
Milton  026,1190,496,323,18,5,0,0,0,0,0,0,0,0,0,0,0,0,0,0,0,0,
Milton  027,582,238,220,7,3,0,0,0,0,0,0,0,0,0,0,0,0,0,0,0,0,
Milton  028,633,144,321,5,1,0,0,0,0,0,0,0,0,0,0,0,0,0,0,0,0,
Milton  029,512,177,180,7,3,0,0,0,0,0,0,0,0,0,0,0,0,0,0,0,0,
Milton  030,857,278,301,1,3,0,0,0,0,0,0,0,0,0,0,0,0,0,0,0,0,
Milton  031,990,338,294,10,2,0,0,0,0,0,0,0,0,0,0,0,0,0,0,3,0,
Milton  032,801,290,339,4,3,0,0,0,0,0,0,0,0,0,0,0,0,0,0,0,0,
Milton  033,573,202,219,7,0,0,0,0,0,0,0,0,0,0,0,0,0,0,0,0,0,
Milton  034,584,216,216,5,4,0,0,0,0,0,0,0,0,0,0,0,0,0,0,0,0,
Milton  035,540,185,219,5,5,0,0,0,0,0,0,0,0,0,0,0,0,0,0,0,0,
Milton  036,659,263,222,10,2,0,0,0,0,0,0,0,0,0,0,0,0,0,0,0,0,
Milton  037,574,142,290,7,1,0,0,0,0,0,0,0,0,0,0,0,0,0,0,0,0,
Milton  038,893,365,256,11,5,0,0,0,0,0,0,0,0,0,0,0,0,0,0,0,0,
Milton  039,846,254,429,7,1,0,0,0,0,0,0,0,0,0,0,0,0,0,0,0,0,
Milton  040,678,224,254,9,4,0,0,0,0,0,0,0,0,0,0,0,0,0,0,0,0,
Milton  041,578,245,177,5,6,0,0,0,0,0,0,0,0,0,0,0,0,0,0,0,0,
Milton  042,535,214,172,6,2,0,0,0,0,0,0,0,0,0,0,0,0,0,0,0,0,
Milton  043,712,222,336,3,3,0,0,0,0,0,0,0,0,0,0,0,0,0,0,0,0,
Milton  044,620,229,222,4,4,0,0,0,0,0,0,0,0,0,0,0,0,0,0,0,0,
Milton  045,600,222,264,7,1,0,0,0,0,0,0,0,0,0,0,0,0,0,0,0,0,
Milton  046,681,235,285,9,4,0,0,0,0,0,0,0,0,0,0,0,0,0,0,0,0,
Milton  047,662,281,216,1,0,0,0,0,0,0,0,0,0,0,0,0,0,0,0,0,0,
Milton  048,579,218,214,3,4,0,0,0,0,0,0,0,0,0,0,0,0,0,0,0,0,
Milton  049,542,172,247,6,3,0,0,0,0,0,0,0,0,0,0,0,0,0,0,0,0,
Milton  050,677,288,219,8,11,0,0,0,0,0,0,0,0,0,0,0,0,0,0,1,0,
Milton  051,1189,208,382,10,6,0,0,0,0,0,0,0,0,0,0,0,0,0,0,0,0,
Milton  052,587,210,246,8,2,0,0,0,0,0,0,0,0,0,0,0,0,0,0,0,0,
Milton  053,960,413,154,9,5,0,0,0,0,0,0,0,0,0,0,0,0,0,0,0,0,
Milton  054,811,247,382,3,3,0,0,0,0,0,0,0,0,0,0,0,0,0,0,0,0,
Milton  055,853,248,374,9,8,0,0,0,0,0,0,0,0,0,0,0,0,0,0,0,0,
Milton  056,539,213,181,6,3,0,0,0,0,0,0,0,0,0,0,0,0,0,0,0,0,
Milton  057,938,251,472,11,4,0,0,0,0,0,0,0,0,0,0,0,0,0,0,0,0,
Milton  058,850,298,365,5,1,0,0,0,0,0,0,0,0,0,0,0,0,0,0,0,0,
Milton  059,456,155,211,2,1,0,0,0,0,0,0,0,0,0,0,0,0,0,0,0,0,
Milton  060,899,306,329,15,1,0,0,0,0,0,0,0,0,0,0,0,0,0,0,0,0,
Milton  061,975,254,476,2,4,0,0,0,0,0,0,0,0,0,0,0,0,0,0,0,0,
Milton  062,718,281,271,1,3,0,0,0,0,0,0,0,0,0,0,0,0,0,0,0,0,
Milton  063,823,312,298,7,4,0,0,0,0,0,0,0,0,0,0,0,0,0,0,0,0,
Milton  064,748,321,238,6,4,0,0,0,0,0,0,0,0,0,0,0,0,0,0,0,0,
Milton  065,538,168,271,2,2,0,0,0,0,0,0,0,0,0,0,0,0,0,0,0,0,
Milton  066,831,304,263,9,3,0,0,0,0,0,0,0,0,0,0,0,0,0,0,0,0,
Milton  067,621,222,265,5,3,0,0,0,0,0,0,0,0,0,0,0,0,0,0,0,0,
Milton  068,650,261,243,4,5,0,0,0,0,0,0,0,0,0,0,0,0,0,0,0,0,
Milton  069,518,209,206,3,4,0,0,0,0,0,0,0,0,0,0,0,0,0,0,0,0,
Milton  070,1003,414,173,6,4,0,0,0,0,0,0,0,0,0,0,0,0,0,0,0,0,
Milton  071,521,172,279,2,2,0,0,0,0,0,0,0,0,0,0,0,0,0,0,0,0,
Milton  072,1213,477,196,13,6,0,0,0,0,0,0,0,0,0,0,0,0,0,0,4,0,
Milton  073,1037,348,427,7,3,0,0,0,0,0,0,0,0,0,0,0,0,0,0,0,0,
Milton  074,632,177,309,2,2,0,0,0,0,0,0,0,0,0,0,0,0,0,0,0,0,
Milton  075,571,193,290,5,2,0,0,0,0,0,0,0,0,0,0,0,0,0,0,0,0,
Milton  076,698,299,227,3,0,0,0,0,0,0,0,0,0,0,0,0,0,0,0,0,0,
Milton  077,594,160,275,1,1,0,0,0,0,0,0,0,0,0,0,0,0,0,0,0,0,
Milton  078,572,230,170,6,4,0,0,0,0,0,0,0,0,0,0,0,0,0,0,0,0,
Milton  079,820,253,356,9,1,0,0,0,0,0,0,0,0,0,0,0,0,0,0,0,0,
Milton  080,825,284,208,7,2,0,0,0,0,0,0,0,0,0,0,0,0,0,0,0,0,
Milton  081,817,282,290,7,6,0,0,0,0,0,0,0,0,0,0,0,0,0,0,0,0,
Milton  082,580,211,263,1,1,0,0,0,0,0,0,0,0,0,0,0,0,0,0,0,0,
Milton  083,632,221,257,7,3,0,0,0,0,0,0,0,0,0,0,0,0,0,0,2,0,
Milton  084,759,257,333,5,6,0,0,0,0,0,0,0,0,0,0,0,0,0,0,0,0,
Milton  085,480,179,158,2,2,0,0,0,0,0,0,0,0,0,0,0,0,0,0,0,0,
Milton  086,406,143,172,7,1,0,0,0,0,0,0,0,0,0,0,0,0,0,0,0,0,
Milton  087,916,254,443,8,7,0,0,0,0,0,0,0,0,0,0,0,0,0,0,0,0,
Milton  088,827,317,281,6,0,0,0,0,0,0,0,0,0,0,0,0,0,0,0,0,0,
Milton  089,833,313,289,8,1,0,0,0,0,0,0,0,0,0,0,0,0,0,0,0,0,
Milton  090,916,269,431,5,2,0,0,0,0,0,0,0,0,0,0,0,0,0,0,0,0,
Milton  091,363,94,194,3,0,0,0,0,0,0,0,0,0,0,0,0,0,0,0,0,0,
Milton  092,470,163,215,3,1,0,0,0,0,0,0,0,0,0,0,0,0,0,0,0,0,
Milton  093,703,278,216,7,0,0,0,0,0,0,0,0,0,0,0,0,0,0,0,0,0,
Milton  094,556,196,199,3,3,0,0,0,0,0,0,0,0,0,0,0,0,0,0,0,0,
Milton  095,879,224,467,4,1,0,0,0,0,0,0,0,0,0,0,0,0,0,0,0,0,
Milton  096,513,200,197,7,2,0,0,0,0,0,0,0,0,0,0,0,0,0,0,0,0,
Milton  097,808,296,292,6,3,0,0,0,0,0,0,0,0,0,0,0,0,0,0,2,0,
Milton  098,650,198,234,13,3,0,0,0,0,0,0,0,0,0,0,0,0,0,0,0,0,
Milton  099,757,294,286,5,3,0,0,0,0,0,0,0,0,0,0,0,0,0,0,0,0,
Milton  100,1055,310,478,5,1,0,0,0,0,0,0,0,0,0,0,0,0,0,0,0,0,
Milton  101,509,203,120,5,1,0,0,0,0,0,0,0,0,0,0,0,0,0,0,0,0,
Milton  102,1074,282,555,12,1,0,0,0,0,0,0,0,0,0,0,0,0,0,0,0,0,
Milton  103,1234,521,254,11,4,0,0,0,0,0,0,0,0,0,0,0,0,0,0,0,0,
Milton  104,598,209,203,6,3,0,0,0,0,0,0,0,0,0,0,0,0,0,0,0,0,
Milton  105,369,138,169,1,0,0,0,0,0,0,0,0,0,0,0,0,0,0,0,0,0,
Milton  106,976,236,507,5,1,0,0,0,0,0,0,0,0,0,0,0,0,0,0,0,0,
Milton  107,595,182,301,2,5,0,0,0,0,0,0,0,0,0,0,0,0,0,0,0,0,
Milton  108,736,249,306,3,5,0,0,0,0,0,0,0,0,0,0,0,0,0,0,0,0,
Milton  109,568,149,305,2,2,0,0,0,0,0,0,0,0,0,0,0,0,0,0,0,0,
York  001,562,227,184,6,1,0,0,0,0,0,0,0,0,0,0,0,0,0,0,0,0,
York  002,749,258,286,10,5,0,0,0,0,0,0,0,0,0,0,1,0,0,0,0,0,
York  003,544,131,250,1,1,0,0,0,0,0,0,0,0,0,0,0,0,0,0,0,0,
York  004,452,136,220,1,2,0,0,0,0,0,0,0,0,0,0,0,0,0,0,0,0,
York  005,840,314,238,22,2,0,0,0,0,0,0,0,0,0,0,0,0,0,0,0,0,
York  006,697,214,317,5,2,0,0,0,0,0,0,0,0,0,0,0,0,0,0,0,0,
York  007,692,215,313,2,0,0,0,0,0,0,0,0,0,0,0,0,0,0,0,0,0,
York  008,575,219,231,2,1,0,0,0,0,0,0,0,0,0,0,0,0,0,0,0,0,
York  009,680,243,195,11,3,0,0,0,0,0,0,0,0,0,0,0,0,0,0,0,0,
York  010,798,336,254,5,3,0,0,0,0,0,0,0,0,0,0,0,0,0,0,0,0,
York  011,655,271,196,9,4,0,0,0,0,0,0,0,0,0,0,0,0,0,0,0,0,
York  012,659,214,250,2,6,0,0,0,0,0,0,0,0,0,0,0,0,0,0,0,0,
York  013,483,182,177,5,1,0,0,0,0,0,0,0,0,0,0,0,0,0,0,0,0,
York  014,483,167,153,9,0,0,0,0,0,0,0,0,0,0,0,0,0,0,0,0,0,
York  015,614,235,218,9,3,0,0,0,0,0,0,0,0,0,0,0,0,0,0,0,0,
York  016,616,233,211,3,2,0,0,0,0,0,0,0,0,0,0,0,0,0,0,0,0,
York  017,476,170,199,3,2,0,0,0,0,0,0,0,0,0,0,0,0,0,0,0,0,
York  018,1020,367,338,12,5,0,0,0,0,0,0,0,0,0,0,0,0,0,0,0,0,
York  019,382,127,114,4,3,0,0,0,0,0,0,0,0,0,0,0,0,0,0,0,0,
York  020,684,268,249,4,5,0,0,0,0,0,0,0,0,0,0,0,0,0,0,0,0,
York  021,341,132,123,7,2,0,0,0,0,0,0,0,0,0,0,0,0,0,0,0,0,
York  022,626,222,210,6,0,0,0,0,0,0,0,0,0,0,0,0,0,0,0,0,0,
York  023,565,199,243,2,1,0,0,0,0,0,0,0,0,0,0,0,0,0,0,0,0,
York  024,624,252,196,6,1,0,0,0,0,0,0,0,0,0,0,0,0,0,0,0,0,
York  025,614,230,229,9,4,0,0,0,0,0,0,0,0,0,0,0,0,0,0,0,0,
York  026,847,347,291,7,6,0,0,0,0,0,0,0,0,0,0,0,0,0,0,0,0,
York  027,425,144,142,7,2,0,0,0,0,0,0,0,0,0,0,0,0,0,0,0,0,
York  028,325,116,147,1,0,0,0,0,0,0,0,0,0,0,0,0,0,0,0,0,0,
York  029,517,132,262,3,1,0,0,0,0,0,0,0,0,0,0,0,0,0,0,0,0,
York  030,546,119,273,1,3,0,0,0,0,0,0,0,0,0,0,0,0,0,0,0,0,
York  031,837,315,295,17,4,0,0,0,0,0,0,0,0,0,0,0,0,0,0,0,0,
York  032,866,320,290,6,1,0,0,0,0,0,0,0,0,0,0,0,0,0,0,0,0,
York  033,637,257,194,5,3,0,0,0,0,0,0,0,0,0,0,0,0,0,0,0,0,
York  034,463,161,205,3,0,0,0,0,0,0,0,0,0,0,0,0,0,0,0,0,0,
York  035,743,307,267,7,2,0,0,0,0,0,0,0,0,0,0,0,0,0,0,0,0,
York  036,366,120,153,5,0,0,0,0,0,0,0,0,0,0,0,0,0,0,0,0,0,
York  037,485,174,208,3,3,0,0,0,0,0,0,0,0,0,0,0,0,0,0,0,0,
York  038,530,190,230,0,3,0,0,0,0,0,0,0,0,0,0,0,0,0,0,0,0,
York  039,302,143,75,3,1,0,0,0,0,0,0,0,0,0,0,0,0,0,0,0,0,
York  040,702,270,263,4,3,0,0,0,0,0,0,0,0,0,0,0,0,0,0,0,0,
York  041,615,219,275,6,1,0,0,0,0,0,0,0,0,0,0,0,0,0,0,0,0,
York  042,520,201,183,5,1,0,0,0,0,0,0,0,0,0,0,0,0,0,0,0,0,
York  043,451,169,146,3,2,0,0,0,0,0,0,0,0,0,0,0,0,0,0,0,0,
York  044,586,208,212,8,1,0,0,0,0,0,0,0,0,0,0,0,0,0,0,0,0,
York  045,322,135,104,2,2,0,0,0,0,0,0,0,0,0,0,0,0,0,0,0,0,
York  046,509,164,195,10,5,0,0,0,0,0,0,0,0,0,0,0,0,0,0,0,0,
York  047,412,173,138,2,2,0,0,0,0,0,0,0,0,0,0,0,0,0,0,0,0,
York  048,617,127,295,8,3,0,0,0,0,0,0,0,0,0,0,0,0,0,0,0,0,
York  049,855,371,253,9,3,0,0,0,0,0,0,0,0,0,0,0,0,0,0,0,0,
York  050,619,224,255,4,1,0,0,0,0,0,0,0,0,0,0,0,0,0,0,0,0,
York  051,851,322,259,8,6,0,0,0,0,0,0,0,0,0,0,0,0,0,0,0,0,
York  052,704,277,166,4,2,0,0,0,0,0,0,0,0,0,0,0,0,0,0,0,0,
York  053,489,184,179,4,1,0,0,0,0,0,0,0,0,0,0,0,0,0,0,0,0,
York  054,598,232,168,6,1,0,0,0,0,0,0,0,0,0,0,0,0,0,0,0,0,
York  055,507,215,130,2,2,0,0,0,0,0,0,0,0,0,0,0,0,0,0,0,0,
York  056,864,339,271,4,3,0,0,0,0,0,0,0,0,0,0,0,0,0,0,0,0,
York  057,522,202,173,7,2,0,0,0,0,0,0,0,0,0,0,0,0,0,0,0,0,
York  058,376,142,104,7,1,0,0,0,0,0,0,0,0,0,0,0,0,0,0,0,0,
York  059,643,233,269,7,1,0,0,0,0,0,0,0,0,0,0,0,0,0,0,0,0,
York  060,619,199,247,8,5,0,0,0,0,0,0,0,0,0,0,0,0,0,0,0,0,
York  061,495,168,219,5,2,0,0,0,0,0,0,0,0,0,0,0,0,0,0,0,0,
York  062,1260,470,389,6,5,0,0,0,0,0,0,0,0,0,0,0,0,0,0,0,0,
York  063,490,179,176,5,3,0,0,0,0,0,0,0,0,0,0,0,0,0,0,0,0,
York  064,244,80,100,2,0,0,0,0,0,0,0,0,0,0,0,0,0,0,0,0,0,
York  065,515,197,161,8,2,0,0,0,0,0,0,0,0,0,0,0,0,0,0,0,0,
York  066,873,343,351,8,4,0,0,0,0,0,0,0,0,0,0,0,0,0,0,0,0,
York  067,694,251,167,7,3,0,0,0,0,0,0,0,0,0,0,0,0,0,0,1,0,
York  068,533,186,175,10,6,0,0,0,0,0,0,0,0,0,0,0,0,0,0,1,0,
York  069,543,194,175,5,3,0,0,0,0,0,0,0,0,0,0,0,0,0,0,0,0,
York  070,512,197,214,1,5,0,0,0,0,0,0,0,0,0,0,0,0,0,0,0,0,
York  071,459,125,205,1,2,0,0,0,0,0,0,0,0,0,0,0,0,0,0,0,0,
York  072,621,246,214,4,0,0,0,0,0,0,0,0,0,0,0,1,0,0,0,0,0,
York  073,600,219,157,5,2,0,0,0,0,0,0,0,0,0,0,0,0,0,0,0,0,
York  074,1032,420,341,9,5,0,0,0,0,0,0,0,0,0,0,0,0,0,0,0,0,
York  075,946,382,338,15,4,0,0,0,0,0,0,0,0,0,0,0,0,0,0,0,0,
York  076,721,220,291,7,3,0,0,0,0,0,0,0,0,0,0,0,0,0,0,0,0,
York  077,649,240,226,20,4,0,0,0,0,0,0,0,0,0,0,0,0,0,0,2,0,
York  078,619,220,189,0,1,0,0,0,0,0,0,0,0,0,0,0,0,0,0,0,0,
York  079,286,102,87,3,0,0,0,0,0,0,0,0,0,0,0,0,0,0,0,0,0,
York  080,538,177,223,5,3,0,0,0,0,0,0,0,0,0,0,0,0,0,0,0,0,
York  081,364,177,88,1,1,0,0,0,0,0,0,0,0,0,0,0,0,0,0,0,0,
York  082,346,83,175,0,1,0,0,0,0,0,0,0,0,0,0,0,0,0,0,0,0,
York  083,771,282,294,6,1,0,0,0,0,0,0,0,0,0,0,0,0,0,0,0,0,
York  084,562,220,222,11,2,0,0,0,0,0,0,0,0,0,0,0,0,0,0,0,0,
York  085,663,287,249,7,0,0,0,0,0,0,0,0,0,0,0,0,0,0,0,0,0,
York  086,964,357,333,9,5,0,0,0,0,0,0,0,0,0,0,0,0,0,0,0,0,
York  087,622,262,131,8,5,0,0,0,0,0,0,0,0,0,0,0,0,0,0,0,0,
York  088,941,460,116,5,4,0,0,0,0,0,0,0,0,0,0,0,0,0,0,0,0,
York  089,680,300,171,8,2,0,0,0,0,0,0,0,0,0,0,0,0,0,0,0,0,
York  090,555,221,189,6,4,0,0,0,0,0,0,0,0,0,0,0,0,0,0,0,0,
York  091,387,128,166,3,2,0,0,0,0,0,0,0,0,0,0,0,0,0,0,0,0,
York  092,406,129,185,5,1,0,0,0,0,0,0,0,0,0,0,0,0,0,0,0,0,
York  093,753,288,255,5,1,0,0,0,0,0,0,0,0,0,0,0,0,0,0,0,0,
York  094,651,261,243,4,2,0,0,0,0,0,0,0,0,0,0,0,0,0,0,0,0,
York  095,433,177,149,7,5,0,0,0,0,0,0,0,0,0,0,0,0,0,0,0,0,
York  096,810,324,273,7,4,0,0,0,0,0,0,0,0,0,0,0,0,0,0,0,0,
York  097,832,260,359,10,1,0,0,0,0,0,0,0,0,0,0,0,0,0,0,0,0,
York  098,451,148,218,5,3,0,0,0,0,0,0,0,0,0,0,0,0,0,0,0,0,
York  099,484,154,189,3,4,0,0,0,0,0,0,0,0,0,0,0,0,0,0,0,0,
York  100,665,273,225,8,2,0,0,0,0,0,0,0,0,0,0,0,0,0,0,0,0,
York  101,480,185,179,7,1,0,0,0,0,0,0,0,0,0,0,0,0,0,0,0,0,
York  102,711,278,193,6,5,0,0,0,0,0,0,0,0,0,0,0,0,0,0,0,0,
York  103,429,140,164,7,0,0,0,0,0,0,0,0,0,0,0,0,0,0,0,0,0,
York  104,546,171,228,12,0,0,0,0,0,0,0,0,0,0,0,0,0,0,0,0,0,
York  105,762,146,345,2,1,0,0,0,0,0,0,0,0,0,0,0,0,0,0,0,0,
York  106,568,87,339,2,0,0,0,0,0,0,0,0,0,0,0,0,0,0,0,0,0,
York  107,1064,473,204,8,3,0,0,0,0,0,0,0,0,0,0,0,0,0,0,0,0,
York  108,752,399,112,3,0,0,0,0,0,0,0,0,0,0,0,0,0,0,0,0,0,
York  109,924,281,444,9,0,0,0,0,0,0,0,0,0,0,0,0,0,0,0,0,0,
York  110,781,142,410,0,1,0,0,0,0,0,0,0,0,0,0,0,0,0,0,0,0,
York  111,1133,411,351,4,3,0,0,0,0,0,0,0,0,0,0,0,0,0,0,0,0,
York  112,702,237,236,7,0,0,0,0,0,0,0,0,0,0,0,0,0,0,0,0,0,
York  113,1018,393,308,4,4,0,0,0,0,0,0,0,0,0,0,0,0,0,0,0,0,
York  114,760,282,294,8,0,0,0,0,0,0,0,0,0,0,0,0,0,0,0,0,0,
York  115,667,269,218,4,6,0,0,0,0,0,0,0,0,0,0,0,0,0,0,0,0,
York  116,314,82,170,3,1,0,0,0,0,0,0,0,0,0,0,0,0,0,0,0,0,
York  117,657,270,169,3,2,0,0,0,0,0,0,0,0,0,0,0,0,0,0,0,0,
York  118,371,124,104,6,0,0,0,0,0,0,0,0,0,0,0,0,0,0,0,0,0,
York  119,795,177,323,2,2,0,0,0,0,0,0,0,0,0,0,0,0,0,0,0,0,
York  120,526,160,252,1,1,0,0,0,0,0,0,0,0,0,0,0,0,0,0,0,0,
York  121,820,313,320,2,2,0,0,0,0,0,0,0,0,0,0,0,0,0,0,0,0,
York  122,690,153,296,6,1,0,0,0,0,0,0,0,0,0,0,0,0,0,0,0,0,
York  123,396,65,208,1,2,0,0,0,0,0,0,0,0,0,0,0,0,0,0,0,0,
York  124,397,76,259,2,1,0,0,0,0,0,0,0,0,0,0,0,0,0,0,0,0,
York  125,370,82,205,1,1,0,0,0,0,0,0,0,0,0,0,0,0,0,0,0,0,
York  126,806,271,339,7,1,0,0,0,0,0,0,0,0,0,0,0,0,0,0,0,0,
York  127,502,180,171,2,1,0,0,0,0,0,0,0,0,0,0,0,0,0,0,0,0,
York  128,1047,401,387,8,4,0,0,0,0,0,0,0,0,0,0,0,0,0,0,0,0,
York  129,1025,409,262,8,4,0,0,0,0,0,0,0,0,0,0,0,0,0,0,0,0,
York  130,494,149,217,6,3,0,0,0,0,0,0,0,0,0,0,0,0,0,0,0,0,
Naperville  001,561,161,276,6,1,0,0,0,0,0,0,0,0,0,0,0,0,0,0,0,0,
Naperville  002,560,192,224,1,1,0,0,0,0,0,0,0,0,0,0,0,0,0,0,0,0,
Naperville  003,681,249,155,7,4,0,0,0,0,0,0,0,0,0,0,0,0,0,0,0,0,
Naperville  004,240,75,100,0,2,0,0,0,0,0,0,0,0,0,0,0,0,0,0,0,0,
Naperville  005,737,261,295,2,1,0,0,0,0,0,0,0,0,0,0,0,0,0,0,0,0,
Naperville  006,791,305,238,10,2,0,0,0,0,0,0,0,0,0,0,0,0,0,0,0,0,
Naperville  007,687,246,230,9,2,0,0,0,0,0,0,0,0,0,0,0,0,0,0,0,0,
Naperville  008,646,234,238,6,1,0,0,0,0,0,0,0,0,0,0,0,0,0,0,0,0,
Naperville  009,790,234,324,2,3,0,0,0,0,0,0,0,0,0,0,0,0,0,0,0,0,
Naperville  010,901,288,409,7,1,0,0,0,0,0,0,0,0,0,0,0,0,0,0,0,0,
Naperville  011,823,286,298,12,4,0,0,0,0,0,0,0,0,0,0,0,0,0,0,0,0,
Naperville  012,491,170,211,4,1,0,0,0,0,0,0,0,0,0,0,0,0,0,0,0,0,
Naperville  013,713,258,254,8,3,0,0,0,0,0,0,0,0,0,0,0,0,0,0,0,0,
Naperville  014,557,217,169,4,4,0,0,0,0,0,0,0,0,0,0,0,0,0,0,0,0,
Naperville  015,666,277,181,4,1,0,0,0,0,0,0,0,0,0,0,0,0,0,0,0,0,
Naperville  016,923,236,467,7,6,0,0,0,0,0,0,0,0,0,0,0,0,0,0,0,0,
Naperville  017,1093,456,328,5,2,0,0,0,0,0,0,0,0,0,0,0,0,0,0,0,0,
Naperville  018,1425,629,330,12,8,0,0,0,0,0,0,0,0,0,0,0,0,0,0,0,0,
Naperville  019,800,271,302,7,4,0,0,0,0,0,0,0,0,0,0,0,0,0,0,0,0,
Naperville  020,847,353,250,6,5,0,0,0,0,0,0,0,0,0,0,0,0,0,0,0,0,
Naperville  021,1198,495,262,10,3,0,0,0,0,0,0,0,0,0,0,0,0,0,0,0,0,
Naperville  022,884,303,354,5,1,0,0,0,0,0,0,0,0,0,0,0,0,0,0,0,0,
Naperville  023,1259,517,351,12,3,0,0,0,0,0,0,0,0,0,0,0,0,0,0,3,0,
Naperville  024,692,287,195,5,2,0,0,0,0,0,0,0,0,0,0,0,0,0,0,0,0,
Naperville  025,699,293,146,8,2,0,0,0,0,0,0,0,0,0,0,0,0,0,0,0,0,
Naperville  026,891,321,355,8,1,0,0,0,0,0,0,0,0,0,0,0,0,0,0,0,0,
Naperville  027,1208,475,239,22,8,0,0,0,0,0,0,0,0,0,0,0,0,0,0,0,0,
Naperville  028,749,257,306,8,1,0,0,0,0,0,0,0,0,0,0,0,0,0,0,0,0,
Naperville  029,947,351,317,10,2,0,0,0,0,0,0,0,0,0,0,0,0,0,0,1,0,
Naperville  030,918,342,316,11,1,0,0,0,0,0,0,0,0,0,0,0,0,0,0,1,0,
Naperville  031,751,298,242,3,3,0,0,0,0,0,0,0,0,0,0,0,0,0,0,0,0,
Naperville  032,866,327,265,7,3,0,0,0,0,0,0,0,0,0,0,0,0,0,0,0,0,
Naperville  033,679,243,283,7,5,0,0,0,0,0,0,0,0,0,0,0,0,0,0,0,0,
Naperville  034,700,297,167,4,3,0,0,0,0,0,0,0,0,0,0,0,0,0,0,0,0,
Naperville  035,914,407,203,7,3,0,0,0,0,0,0,0,0,0,0,0,0,0,0,0,0,
Naperville  036,789,272,301,5,1,0,0,0,0,0,0,0,0,0,0,0,0,0,0,0,0,
Naperville  037,1285,573,314,18,6,0,0,0,0,0,0,0,0,0,0,0,0,0,0,0,0,
Naperville  038,1139,424,378,3,4,0,0,0,0,0,0,0,0,0,0,0,0,0,0,0,0,
Naperville  039,1234,523,384,8,4,0,0,0,0,0,0,0,0,0,0,0,0,0,0,0,0,
Naperville  040,874,379,220,10,5,0,0,0,0,0,0,0,0,0,0,0,0,0,0,0,0,
Naperville  041,666,228,275,3,0,0,0,0,0,0,0,0,0,0,0,0,0,0,0,0,0,
Naperville  042,1108,428,355,9,6,0,0,0,0,0,0,0,0,0,0,0,0,0,0,0,0,
Naperville  043,553,255,111,7,0,0,0,0,0,0,0,0,0,0,0,0,0,0,0,0,0,
Naperville  044,942,436,231,7,5,0,0,0,0,0,0,0,0,0,0,0,0,0,0,0,0,
Naperville  045,942,335,388,9,3,0,0,0,0,0,0,0,0,0,0,0,0,0,0,0,0,
Naperville  046,1082,363,461,6,1,0,0,0,0,0,0,0,0,0,0,0,0,0,0,0,0,
Naperville  047,787,226,352,3,2,0,0,0,0,0,0,0,0,0,0,0,0,0,0,0,0,
Naperville  048,922,378,322,6,5,0,0,0,0,0,0,0,0,0,0,0,0,0,0,0,0,
Naperville  049,806,203,398,5,0,0,0,0,0,0,0,0,0,0,0,0,0,0,0,0,0,
Naperville  050,736,278,223,3,2,0,0,0,0,0,0,0,0,0,0,0,0,0,0,0,0,
Naperville  051,968,358,282,10,2,0,0,0,0,0,0,0,0,0,0,0,0,0,0,0,0,
Naperville  052,935,448,142,5,1,0,0,0,0,0,0,0,0,0,0,0,0,0,0,0,0,
Naperville  053,911,392,244,5,3,0,0,0,0,0,0,0,0,0,0,0,0,0,0,0,0,
Naperville  054,1190,532,321,7,7,0,0,0,0,0,0,0,0,0,0,0,0,0,0,0,0,
Naperville  055,796,269,357,7,2,0,0,0,0,0,0,0,0,0,0,0,0,0,0,0,0,
Naperville  056,781,339,142,3,3,0,0,0,0,0,0,0,0,0,0,0,0,0,0,0,0,
Naperville  057,832,344,261,7,5,0,0,0,0,0,0,0,0,0,0,0,0,0,0,0,0,
Naperville  058,1122,525,268,12,8,0,0,0,0,0,0,0,0,0,0,0,0,0,0,0,0,
Naperville  059,993,429,213,6,7,0,0,0,0,0,0,0,0,0,0,0,0,0,0,0,0,
Naperville  060,939,402,208,8,1,0,0,0,0,0,0,0,0,0,0,0,0,0,0,0,0,
Naperville  061,620,192,302,5,0,0,0,0,0,0,0,0,0,0,0,0,0,0,0,0,0,
Naperville  062,1122,448,242,5,6,0,0,0,0,0,0,0,0,0,0,0,0,0,0,0,0,
Naperville  063,1133,447,293,13,3,0,0,0,0,0,0,0,0,0,0,0,0,0,0,0,0,
Naperville  064,705,269,251,5,3,0,0,0,0,0,0,0,0,0,0,0,0,0,0,0,0,
Naperville  065,795,391,128,5,5,0,0,0,0,0,0,0,0,0,0,0,0,0,0,0,0,
Naperville  066,495,184,188,5,1,0,0,0,0,0,0,0,0,0,0,0,0,0,0,0,0,
Naperville  067,770,305,271,8,2,0,0,0,0,0,0,0,0,0,0,0,0,0,0,0,0,
Naperville  068,505,246,107,4,2,0,0,0,0,0,0,0,0,0,0,0,0,0,0,1,0,
Naperville  069,705,316,143,6,2,0,0,0,0,0,0,0,0,0,0,0,0,0,0,0,0,
Lisle  001,366,151,101,4,2,0,0,0,0,0,0,0,0,0,0,0,0,0,0,0,0,
Lisle  002,1321,543,344,7,6,0,0,0,0,0,0,0,0,0,0,0,0,0,0,0,0,
Lisle  003,1087,350,484,6,5,0,0,0,0,0,0,0,0,0,0,0,0,0,0,0,0,
Lisle  004,710,265,241,2,3,0,0,0,0,0,0,0,0,0,0,0,0,0,0,0,0,
Lisle  005,491,179,181,5,3,0,0,0,0,0,0,0,0,0,0,0,0,0,0,0,0,
Lisle  006,490,174,176,7,3,0,0,0,0,0,0,0,0,0,0,0,0,0,0,0,0,
Lisle  007,380,110,159,6,3,0,0,0,0,0,0,0,0,0,0,0,0,0,0,0,0,
Lisle  008,707,283,192,10,2,0,0,0,0,0,0,0,0,0,0,0,0,0,0,0,0,
Lisle  009,620,213,213,5,5,0,0,0,0,0,0,0,0,0,0,0,0,0,0,0,0,
Lisle  010,909,322,338,9,3,0,0,0,0,0,0,0,0,0,0,1,0,0,0,0,0,
Lisle  011,784,255,343,8,5,0,0,0,0,0,0,0,0,0,0,0,0,0,0,0,0,
Lisle  012,753,264,313,5,2,0,0,0,0,0,0,0,0,0,0,0,0,0,0,0,0,
Lisle  013,874,379,219,5,3,0,0,0,0,0,0,0,0,0,0,0,0,0,0,0,0,
Lisle  014,947,238,505,11,1,0,0,0,0,0,0,0,0,0,0,0,0,0,0,0,0,
Lisle  015,826,310,270,6,2,0,0,0,0,0,0,0,0,0,0,0,0,0,0,0,0,
Lisle  016,930,334,322,9,3,0,0,0,0,0,0,0,0,0,0,0,0,0,0,0,0,
Lisle  017,600,216,193,6,2,0,0,0,0,0,0,0,0,0,0,0,0,0,0,0,0,
Lisle  018,446,155,140,8,3,0,0,0,0,0,0,0,0,0,0,0,0,0,0,0,0,
Lisle  019,487,158,210,2,0,0,0,0,0,0,0,0,0,0,0,0,0,0,0,0,0,
Lisle  020,754,268,301,13,5,0,0,0,0,0,0,0,0,0,0,0,0,0,0,0,0,
Lisle  021,839,324,240,12,4,0,0,0,0,0,0,0,0,0,0,0,0,0,0,0,0,
Lisle  022,692,235,315,3,1,0,0,0,0,0,0,0,0,0,0,0,0,0,0,0,0,
Lisle  023,531,209,219,4,1,0,0,0,0,0,0,0,0,0,0,0,0,0,0,0,0,
Lisle  024,949,377,287,5,0,0,0,0,0,0,0,0,0,0,0,0,0,0,0,0,0,
Lisle  025,722,252,240,7,2,0,0,0,0,0,0,0,0,0,0,0,0,0,0,0,0,
Lisle  026,897,320,256,8,1,0,0,0,0,0,0,0,0,0,0,0,0,0,0,1,0,
Lisle  027,1069,368,378,4,2,0,0,0,0,0,0,0,0,0,0,0,0,0,0,0,0,
Lisle  028,311,137,102,2,0,0,0,0,0,0,0,0,0,0,0,0,0,0,0,0,0,
Lisle  029,919,323,316,8,1,0,0,0,0,0,0,0,0,0,0,0,0,0,0,0,0,
Lisle  030,492,159,207,2,1,0,0,0,0,0,0,0,0,0,0,0,0,0,0,0,0,
Lisle  031,673,242,293,5,3,0,0,0,0,0,0,0,0,0,0,0,0,0,0,0,0,
Lisle  032,640,228,207,4,1,0,0,0,0,0,0,0,0,0,0,0,0,0,0,0,0,
Lisle  033,1082,401,421,14,0,0,0,0,0,0,0,0,0,0,0,0,0,0,0,0,0,
Lisle  034,594,224,200,8,1,0,0,0,0,0,0,0,0,0,0,0,0,0,0,0,0,
Lisle  035,708,279,214,3,3,0,0,0,0,0,0,0,0,0,0,0,0,0,0,0,0,
Lisle  036,1163,452,360,15,5,0,0,0,0,0,0,0,0,0,0,0,0,0,0,0,0,
Lisle  037,720,245,288,6,4,0,0,0,0,0,0,0,0,0,0,0,0,0,0,0,0,
Lisle  038,673,267,187,2,2,0,0,0,0,0,0,0,0,0,0,0,0,0,0,0,0,
Lisle  039,759,275,289,5,2,0,0,0,0,0,0,0,0,0,0,0,0,0,0,0,0,
Lisle  040,600,228,245,4,4,0,0,0,0,0,0,0,0,0,0,0,0,0,0,0,0,
Lisle  041,618,235,213,7,7,0,0,0,0,0,0,0,0,0,0,0,0,0,0,0,0,
Lisle  042,611,224,213,3,1,0,0,0,0,0,0,0,0,0,0,0,0,0,0,0,0,
Lisle  043,1151,318,551,11,5,0,0,0,0,0,0,0,0,0,0,0,0,0,0,0,0,
Lisle  044,587,214,212,14,1,0,0,0,0,0,0,0,0,0,0,0,0,0,0,0,0,
Lisle  045,451,152,180,2,4,0,0,0,0,0,0,0,0,0,0,0,0,0,0,0,0,
Lisle  046,1109,412,396,9,1,0,0,0,0,0,0,0,0,0,0,0,0,0,0,0,0,
Lisle  047,813,304,338,8,5,0,0,0,0,0,0,0,0,0,0,0,0,0,0,0,0,
Lisle  048,852,343,258,9,1,0,0,0,0,0,0,0,0,0,0,0,0,0,0,0,0,
Lisle  049,701,260,185,7,1,0,0,0,0,0,0,0,0,0,0,0,0,0,0,0,0,
Lisle  050,603,228,210,7,5,0,0,0,0,0,0,0,0,0,0,0,0,0,0,0,0,
Lisle  051,344,138,118,2,1,0,0,0,0,0,0,0,0,0,0,0,0,0,0,0,0,
Lisle  052,1091,360,421,9,2,0,0,0,0,0,0,0,0,0,0,0,0,0,0,0,0,
Lisle  053,985,436,190,7,6,0,0,0,0,0,0,0,0,0,0,0,0,0,0,0,0,
Lisle  054,588,229,157,6,3,0,0,0,0,0,0,0,0,0,0,0,0,0,0,0,0,
Lisle  055,478,198,182,5,1,0,0,0,0,0,0,0,0,0,0,0,0,0,0,0,0,
Lisle  056,1106,386,409,13,3,0,0,0,0,0,0,0,0,0,0,0,0,0,0,0,0,
Lisle  057,902,342,300,8,4,0,0,0,0,0,0,0,0,0,0,0,0,0,0,1,0,
Lisle  058,735,280,244,10,4,0,0,0,0,0,0,0,0,0,0,0,0,0,0,0,0,
Lisle  059,816,301,304,12,2,0,0,0,0,0,0,0,0,0,0,0,0,0,0,0,0,
Lisle  060,934,372,272,7,6,0,0,0,0,0,0,0,0,0,0,0,0,0,0,0,0,
Lisle  061,1144,465,312,9,2,0,0,0,0,0,0,0,0,0,0,0,0,0,0,0,0,
Lisle  062,927,333,328,10,6,0,0,0,0,0,0,0,0,0,0,0,0,0,0,0,0,
Lisle  063,800,344,204,2,4,0,0,0,0,0,0,0,0,0,0,0,0,0,0,0,0,
Lisle  064,1192,447,300,15,6,0,0,0,0,0,0,0,0,0,0,0,0,0,0,1,0,
Lisle  065,674,328,121,8,2,0,0,0,0,0,0,0,0,0,0,0,0,0,0,0,0,
Lisle  066,671,227,261,9,4,0,0,0,0,0,0,0,0,0,0,0,0,0,0,0,0,
Lisle  067,1406,498,525,10,5,0,0,0,0,0,0,0,0,0,0,0,0,0,0,0,0,
Lisle  068,802,224,387,2,3,0,0,0,0,0,0,0,0,0,0,0,0,0,0,0,0,
Lisle  069,821,219,347,8,1,0,0,0,0,0,0,0,0,0,0,0,0,0,0,0,0,
Lisle  070,831,258,347,4,3,0,0,0,0,0,0,0,0,0,0,0,0,0,0,0,0,
Lisle  071,716,325,148,2,3,0,0,0,0,0,0,0,0,0,0,0,0,0,0,0,0,
Lisle  072,834,314,260,10,5,0,0,0,0,0,0,0,0,0,0,0,0,0,0,0,0,
Lisle  073,734,400,66,2,2,0,0,0,0,0,0,0,0,0,0,0,0,0,0,0,0,
Lisle  074,898,396,190,4,2,0,0,0,0,0,0,0,0,0,0,0,0,0,0,0,0,
Lisle  075,930,320,367,8,4,0,0,0,0,0,0,0,0,0,0,0,0,0,0,0,0,
Lisle  076,457,154,201,11,0,0,0,0,0,0,0,0,0,0,0,0,0,0,0,0,0,
Lisle  077,1229,523,310,6,4,0,0,0,0,0,0,0,0,0,0,0,0,0,0,0,0,
Lisle  078,1696,612,543,25,7,0,0,0,0,0,0,0,0,0,0,0,0,0,0,0,0,
Lisle  079,958,359,303,8,5,0,0,0,0,0,0,0,0,0,0,0,0,0,0,0,0,
Lisle  080,510,163,189,1,3,0,0,0,0,0,0,0,0,0,0,0,0,0,0,0,0,
Lisle  081,649,163,310,8,2,0,0,0,0,0,0,0,0,0,0,0,0,0,0,0,0,
Lisle  082,460,194,139,3,3,0,0,0,0,0,0,0,0,0,0,0,0,0,0,0,0,
Lisle  083,757,230,265,11,4,0,0,0,0,0,0,0,0,0,0,0,0,0,0,0,0,
Lisle  084,967,346,368,10,4,0,0,0,0,0,0,0,0,0,0,0,0,0,0,0,0,
Lisle  085,626,216,255,6,2,0,0,0,0,0,0,0,0,0,0,0,0,0,0,0,0,
Lisle  086,796,322,252,9,2,0,0,0,0,0,0,0,0,0,0,0,0,0,0,0,0,
Lisle  087,1067,338,476,3,1,0,0,0,0,0,0,0,0,0,0,0,0,0,0,0,0,
Lisle  088,569,215,186,11,1,0,0,0,0,0,0,0,0,0,0,0,0,0,0,0,0,
Lisle  089,843,287,265,10,3,0,0,0,0,0,0,0,0,0,0,0,0,0,0,0,0,
Lisle  090,778,221,353,7,1,0,0,0,0,0,0,0,0,0,0,0,0,0,0,0,0,
Lisle  091,742,288,270,8,4,0,0,0,0,0,0,0,0,0,0,0,0,0,0,0,0,
Lisle  092,409,141,125,2,3,0,0,0,0,0,0,0,0,0,0,0,0,0,0,0,0,
Lisle  093,790,338,227,3,4,0,0,0,0,0,0,0,0,0,0,0,0,0,0,0,0,
Lisle  094,1046,386,356,9,4,0,0,0,0,0,0,0,0,0,0,0,0,0,0,0,0,
Lisle  095,603,172,289,6,3,0,0,0,0,0,0,0,0,0,0,0,0,0,0,0,0,
Lisle  096,481,161,187,10,2,0,0,0,0,0,0,0,0,0,0,0,0,0,0,0,0,
Lisle  097,709,272,182,6,2,0,0,0,0,0,0,0,0,0,0,0,0,0,0,0,0,
Lisle  098,796,333,248,7,3,0,0,0,0,0,0,0,0,0,0,0,0,0,0,0,0,
Downers Grove  001,608,154,286,5,1,0,0,0,0,0,0,0,0,0,0,0,0,0,0,0,0,
Downers Grove  002,646,249,264,4,8,0,0,0,0,0,0,0,0,0,0,0,0,0,0,0,0,
Downers Grove  003,581,190,236,11,4,0,0,0,0,0,0,0,0,0,0,0,0,0,0,0,0,
Downers Grove  004,713,115,397,6,2,0,0,0,0,0,0,0,0,0,0,0,0,0,0,0,0,
Downers Grove  005,828,236,401,3,4,0,0,0,0,0,0,0,0,0,0,0,0,0,0,0,0,
Downers Grove  006,607,169,300,8,0,0,0,0,0,0,0,0,0,0,0,0,0,0,0,0,0,
Downers Grove  007,805,193,434,3,0,0,0,0,0,0,0,0,0,0,0,0,0,0,0,0,0,
Downers Grove  008,939,368,349,15,2,0,0,0,0,0,0,0,0,0,0,0,0,0,0,0,0,
Downers Grove  009,593,260,186,5,2,0,0,0,0,0,0,0,0,0,0,0,0,0,0,0,0,
Downers Grove  010,750,297,205,4,9,0,0,0,0,0,0,0,0,0,0,0,0,0,0,0,0,
Downers Grove  011,824,270,377,0,3,0,0,0,0,0,0,0,0,0,0,0,0,0,0,0,0,
Downers Grove  012,614,243,236,10,4,0,0,0,0,0,0,0,0,0,0,0,0,0,0,0,0,
Downers Grove  013,554,191,196,1,0,0,0,0,0,0,0,0,0,0,0,0,0,0,0,0,0,
Downers Grove  014,851,287,338,5,3,0,0,0,0,0,0,0,0,0,0,0,0,0,0,0,0,
Downers Grove  015,585,184,211,4,0,0,0,0,0,0,0,0,0,0,0,0,0,0,0,0,0,
Downers Grove  016,537,136,268,7,3,0,0,0,0,0,0,0,0,0,0,0,0,0,0,0,0,
Downers Grove  017,722,280,276,3,9,0,0,0,0,0,0,0,0,0,0,0,0,0,0,0,0,
Downers Grove  018,799,312,264,10,2,0,0,0,0,0,0,0,0,0,0,0,0,0,0,0,0,
Downers Grove  019,558,185,151,3,3,0,0,0,0,0,0,0,0,0,0,0,0,0,0,0,0,
Downers Grove  020,870,346,328,7,5,0,0,0,0,0,0,0,0,0,0,0,0,0,0,0,0,
Downers Grove  021,682,232,299,10,2,0,0,0,0,0,0,0,0,0,0,0,0,0,0,0,0,
Downers Grove  022,726,166,393,2,1,0,0,0,0,0,0,0,0,0,0,0,0,0,0,0,0,
Downers Grove  023,484,58,298,3,0,0,0,0,0,0,0,0,0,0,0,0,0,0,0,0,0,
Downers Grove  024,774,223,342,3,0,0,0,0,0,0,0,0,0,0,0,0,0,0,0,0,0,
Downers Grove  025,718,181,378,2,2,0,0,0,0,0,0,0,0,0,0,0,0,0,0,0,0,
Downers Grove  026,724,290,265,10,1,0,0,0,0,0,0,0,0,0,0,0,0,0,0,0,0,
Downers Grove  027,484,131,211,1,1,0,0,0,0,0,0,0,0,0,0,0,0,0,0,0,0,
Downers Grove  028,545,146,272,2,1,0,0,0,0,0,0,0,0,0,0,0,0,0,0,0,0,
Downers Grove  029,823,286,327,6,1,0,0,0,0,0,0,0,0,0,0,0,0,0,0,0,0,
Downers Grove  030,580,220,192,4,4,0,0,0,0,0,0,0,0,0,0,0,0,0,0,0,0,
Downers Grove  031,706,270,232,6,6,0,0,0,0,0,0,0,0,0,0,0,0,0,0,0,0,
Downers Grove  032,564,198,266,5,0,0,0,0,0,0,0,0,0,0,0,0,0,0,0,0,0,
Downers Grove  033,1312,511,413,11,6,0,0,0,0,0,0,0,0,0,0,0,0,0,0,0,0,
Downers Grove  034,831,344,264,10,7,0,0,0,0,0,0,0,0,0,0,0,0,0,0,0,0,
Downers Grove  035,754,196,371,7,2,0,0,0,0,0,0,0,0,0,0,0,0,0,0,0,0,
Downers Grove  036,810,259,354,8,6,0,0,0,0,0,0,0,0,0,0,0,0,0,0,0,0,
Downers Grove  037,840,247,422,9,0,0,0,0,0,0,0,0,0,0,0,0,0,0,0,0,0,
Downers Grove  038,656,172,338,8,1,0,0,0,0,0,0,0,0,0,0,0,0,0,0,0,0,
Downers Grove  039,555,183,204,1,2,0,0,0,0,0,0,0,0,0,0,0,0,0,0,0,0,
Downers Grove  040,981,262,412,2,1,0,0,0,0,0,0,0,0,0,0,0,0,0,0,0,0,
Downers Grove  041,802,238,336,7,2,0,0,0,0,0,0,0,0,0,0,0,0,0,0,0,0,
Downers Grove  042,720,234,230,5,2,0,0,0,0,0,0,0,0,0,0,0,0,0,0,0,0,
Downers Grove  043,482,127,238,4,2,0,0,0,0,0,0,0,0,0,0,0,0,0,0,0,0,
Downers Grove  044,627,172,275,6,3,0,0,0,0,0,0,0,0,0,0,0,0,0,0,0,0,
Downers Grove  045,655,226,262,8,3,0,0,0,0,0,0,0,0,0,0,0,0,0,0,0,0,
Downers Grove  046,546,126,276,3,1,0,0,0,0,0,0,0,0,0,0,0,0,0,0,0,0,
Downers Grove  047,383,133,147,2,0,0,0,0,0,0,0,0,0,0,0,0,0,0,0,0,0,
Downers Grove  048,545,195,211,2,1,0,0,0,0,0,0,0,0,0,0,0,0,0,0,0,0,
Downers Grove  049,724,276,265,8,3,0,0,0,0,0,0,0,0,0,0,0,0,0,0,0,0,
Downers Grove  050,730,289,262,8,6,0,0,0,0,0,0,0,0,0,0,0,0,0,0,0,0,
Downers Grove  051,700,267,251,8,1,0,0,0,0,0,0,0,0,0,0,0,0,0,0,0,0,
Downers Grove  052,797,290,286,5,7,0,0,0,0,0,0,0,0,0,0,0,0,0,0,0,0,
Downers Grove  053,788,311,301,13,2,0,0,0,0,0,0,0,0,0,0,0,0,0,0,0,0,
Downers Grove  054,958,333,362,7,2,0,0,0,0,0,0,0,0,0,0,0,0,0,0,0,0,
Downers Grove  055,533,136,270,8,1,0,0,0,0,0,0,0,0,0,0,0,0,0,0,0,0,
Downers Grove  056,472,161,150,0,0,0,0,0,0,0,0,0,0,0,0,0,0,0,0,0,0,
Downers Grove  057,640,211,250,7,1,0,0,0,0,0,0,0,0,0,0,0,0,0,0,0,0,
Downers Grove  058,404,162,136,1,0,0,0,0,0,0,0,0,0,0,0,0,0,0,0,0,0,
Downers Grove  059,746,227,333,8,5,0,0,0,0,0,0,0,0,0,0,0,0,0,0,0,0,
Downers Grove  060,961,362,285,5,0,0,0,0,0,0,0,0,0,0,0,0,0,0,0,0,0,
Downers Grove  061,810,249,365,8,4,0,0,0,0,0,0,0,0,0,0,0,0,0,0,0,0,
Downers Grove  062,904,248,363,6,2,0,0,0,0,0,0,0,0,0,0,0,0,0,0,0,0,
Downers Grove  063,1175,478,333,8,5,0,0,0,0,0,0,0,0,0,0,0,0,0,0,0,0,
Downers Grove  064,987,334,385,8,6,0,0,0,0,0,0,0,0,0,0,0,0,0,0,1,0,
Downers Grove  065,720,254,286,5,6,0,0,0,0,0,0,0,0,0,0,0,0,0,0,0,0,
Downers Grove  066,634,207,240,5,1,0,0,0,0,0,0,0,0,0,0,0,0,0,0,0,0,
Downers Grove  067,965,302,346,7,4,0,0,0,0,0,0,0,0,0,0,0,0,0,0,0,0,
Downers Grove  068,1158,271,535,7,0,0,0,0,0,0,0,0,0,0,0,0,0,0,0,0,0,
Downers Grove  069,507,206,149,8,1,0,0,0,0,0,0,0,0,0,0,0,0,0,0,0,0,
Downers Grove  070,955,314,455,8,1,0,0,0,0,0,0,0,0,0,0,0,0,0,0,0,0,
Downers Grove  071,738,337,172,7,4,0,0,0,0,0,0,0,0,1,0,0,0,0,0,0,0,
Downers Grove  072,1171,634,112,1,0,0,0,0,0,0,0,0,0,0,0,0,0,0,0,0,0,
Downers Grove  073,599,217,235,3,3,0,0,0,0,0,0,0,0,0,0,0,0,0,0,0,0,
Downers Grove  074,896,287,298,7,2,0,0,0,0,0,0,0,0,0,0,0,0,0,0,0,0,
Downers Grove  075,693,268,262,7,1,0,0,0,0,0,0,0,0,0,0,0,0,0,0,0,0,
Downers Grove  076,872,383,171,8,1,0,0,0,0,0,0,0,0,0,0,0,0,0,0,0,0,
Downers Grove  077,614,219,243,6,1,0,0,0,0,0,0,0,0,0,0,0,0,0,0,0,0,
Downers Grove  078,575,178,237,1,3,0,0,0,0,0,0,0,0,0,0,0,0,0,0,0,0,
Downers Grove  079,984,298,462,2,6,0,0,0,0,0,0,0,0,0,0,0,0,0,0,0,0,
Downers Grove  080,818,325,263,7,3,0,0,0,0,0,0,0,0,0,0,0,0,0,0,0,0,
Downers Grove  081,773,294,203,9,4,0,0,0,0,0,0,0,0,0,0,0,0,0,0,0,0,
Downers Grove  082,682,187,292,1,0,0,0,0,0,0,0,0,0,0,0,0,0,0,0,0,0,
Downers Grove  083,848,186,408,2,2,0,0,0,0,0,0,0,0,0,0,0,0,0,0,0,0,
Downers Grove  084,689,205,308,4,3,0,0,0,0,0,0,0,0,0,0,0,0,0,0,0,0,
Downers Grove  085,619,174,283,1,3,0,0,0,0,0,0,0,0,0,0,0,0,0,0,0,0,
Downers Grove  086,613,207,215,4,1,0,0,0,0,0,0,0,0,0,0,0,0,0,0,0,0,
Downers Grove  087,1311,449,557,6,1,0,0,0,0,0,0,0,0,0,0,0,0,0,0,0,0,
Downers Grove  088,609,212,240,5,2,0,0,0,0,0,0,0,0,0,0,0,0,0,0,0,0,
Downers Grove  089,796,172,421,3,1,0,0,0,0,0,0,0,0,0,0,0,0,0,0,0,0,
Downers Grove  090,731,285,250,3,3,0,0,0,0,0,0,0,0,0,0,0,0,0,0,0,0,
Downers Grove  091,736,297,191,3,2,0,0,0,0,0,0,0,0,0,0,0,0,0,0,0,0,
Downers Grove  092,1130,377,440,11,5,0,0,0,0,0,0,0,0,0,0,0,0,0,0,0,0,
Downers Grove  093,1395,472,508,7,3,0,0,0,0,0,0,0,0,0,0,0,0,0,0,0,0,
Downers Grove  094,959,378,312,11,6,0,0,0,0,0,0,0,0,0,0,0,0,0,0,1,0,
Downers Grove  095,684,170,326,0,0,0,0,0,0,0,0,0,0,0,0,0,0,0,0,0,0,
Downers Grove  096,586,280,147,5,2,0,0,0,0,0,0,0,0,0,0,0,0,0,0,0,0,
Downers Grove  097,671,241,258,3,0,0,0,0,0,0,0,0,0,0,0,0,0,0,0,0,0,
Downers Grove  098,689,165,321,3,4,0,0,0,0,0,0,0,0,0,0,0,0,0,0,0,0,
Downers Grove  099,853,336,274,7,4,0,0,0,0,0,0,0,0,0,0,0,0,0,0,0,0,
Downers Grove  100,804,322,268,1,1,0,0,0,0,0,0,0,0,0,0,0,0,0,0,0,0,
Downers Grove  101,892,249,316,7,5,0,0,0,0,0,0,0,0,0,0,0,0,0,0,0,0,
Downers Grove  102,994,287,415,6,1,0,0,0,0,0,0,0,0,0,0,0,0,0,0,0,0,
Downers Grove  103,585,186,204,5,1,0,0,0,0,0,0,0,0,0,0,0,0,0,0,0,0,
Downers Grove  104,965,377,288,8,3,0,0,0,0,0,0,0,0,0,0,0,0,0,0,0,0,
Downers Grove  105,862,343,212,3,2,0,0,0,0,0,0,0,0,0,0,0,0,0,0,0,0,
Downers Grove  106,637,224,263,2,4,0,0,0,0,0,0,0,0,0,0,0,0,0,0,0,0,
Downers Grove  107,485,146,198,4,4,0,0,0,0,0,0,0,0,0,0,0,0,0,0,0,0,
Downers Grove  108,845,315,306,6,4,0,0,0,0,0,0,0,0,0,0,0,0,0,0,0,0,
Downers Grove  109,762,232,340,6,1,0,0,0,0,0,0,0,0,0,0,0,0,0,0,0,0,
Downers Grove  110,758,303,240,5,0,0,0,0,0,0,0,0,0,0,0,0,0,0,0,0,0,
Downers Grove  111,956,426,214,10,3,0,0,0,0,0,0,0,0,0,0,0,0,0,0,0,0,
Downers Grove  112,713,217,240,6,4,0,0,0,0,0,0,0,0,0,0,0,0,0,0,0,0,
Downers Grove  113,1177,444,341,4,8,0,0,0,0,0,0,0,0,0,0,0,0,0,0,0,0,
Downers Grove  114,1092,419,350,6,3,0,0,0,0,0,0,0,0,0,0,0,0,0,0,0,0,
Downers Grove  115,692,227,272,4,2,0,0,0,0,0,0,0,0,0,0,0,0,0,0,0,0,
Downers Grove  116,977,228,503,5,3,0,0,0,0,0,0,0,0,0,0,0,0,0,0,0,0,
Downers Grove  117,836,315,282,6,1,0,0,0,0,0,0,0,0,0,0,0,0,0,0,0,0,
Downers Grove  118,789,353,158,6,6,0,0,0,0,0,0,0,0,0,0,0,0,0,0,0,0,
Downers Grove  119,1046,284,446,3,1,0,0,0,0,0,0,0,0,0,0,0,0,0,0,0,0,
Downers Grove  120,723,226,300,5,3,0,0,0,0,0,0,0,0,0,0,0,0,0,0,0,0,
Downers Grove  121,557,191,248,1,4,0,0,0,0,0,0,0,0,0,0,0,0,0,0,0,0,
Downers Grove  122,596,188,272,3,1,0,0,0,0,0,0,0,0,0,0,0,0,0,0,0,0,
Downers Grove  123,1002,370,353,8,3,0,0,0,0,0,0,0,0,0,0,0,0,0,0,0,0,
Downers Grove  124,756,196,331,4,2,0,0,0,0,0,0,0,0,0,0,0,0,0,0,0,0,
Downers Grove  125,922,291,351,5,5,0,0,0,0,0,0,0,0,0,0,0,0,0,0,0,0,
Downers Grove  126,1155,451,417,5,0,0,0,0,0,0,0,0,0,0,0,0,0,0,0,0,0,
Downers Grove  127,618,226,196,4,5,0,0,0,0,0,0,0,0,0,0,0,0,0,0,0,0,
Downers Grove  128,913,345,267,8,2,0,0,0,0,0,0,0,0,0,0,0,0,0,0,0,0,
Presidential Ballot,0,0,2,0,0,0,0,0,0,0,0,0,0,0,0,0,0,0,0,0,0,
Total:,560718,199460,195046,4515,2011,0,0,0,0,0,0,0,0,3,0,4,0,0,0,42,0,
"Representative in Congress, 3rd Congressional District",,,,
,,Daniel W Lipinski,Richard Grabowski,
,Registered Voters,Total Votes,Total Votes,
Downers Grove  128,913,340,247,
Total:,913,340,247,
"Representative in Congress, 5th Congressional District",,,,,
,,Mike Quigley,Dan Schmitt,Nancy Wade    GP,
,Registered Voters,Total Votes,Total Votes,Total Votes,
Addison  004,649,212,264,15,
Addison  006,811,276,248,30,
Addison  008,646,233,241,25,
Addison  009,515,205,118,15,
Addison  013,544,150,226,19,
Addison  016,876,297,276,25,
Addison  017,495,156,164,13,
Addison  020,812,282,196,32,
Addison  026,813,281,224,25,
Addison  029,714,222,251,20,
Addison  030,953,344,242,34,
Addison  040,774,271,220,26,
Addison  045,641,227,181,23,
Addison  050,976,283,356,16,
Addison  055,658,242,186,16,
York  001,562,203,186,20,
York  002,749,238,273,36,
York  004,452,133,208,9,
York  006,697,196,303,22,
York  007,692,204,306,7,
York  008,575,199,221,17,
York  015,614,213,219,17,
York  017,476,165,187,12,
York  022,626,214,186,21,
York  023,565,175,247,10,
York  028,325,101,143,8,
York  029,517,115,248,9,
York  032,866,282,273,22,
York  034,463,147,206,6,
York  035,743,293,254,17,
York  036,366,113,143,11,
York  037,485,148,211,18,
York  038,530,167,226,16,
York  040,702,242,261,21,
York  041,615,191,276,15,
York  048,617,118,281,15,
York  050,619,202,243,18,
York  053,489,159,179,14,
York  058,376,142,105,4,
York  059,643,217,251,29,
York  060,619,181,237,24,
York  061,495,152,216,14,
York  069,543,158,185,21,
York  070,512,180,211,16,
York  071,459,114,197,13,
York  082,346,77,171,5,
York  083,771,249,296,18,
York  084,562,209,220,17,
York  085,663,248,241,24,
York  091,387,110,165,18,
York  092,406,123,172,12,
York  094,651,234,238,20,
York  098,451,132,216,15,
York  099,484,135,186,15,
York  110,781,125,403,10,
York  116,314,81,153,9,
York  118,371,116,102,8,
York  120,526,157,239,11,
York  123,396,59,200,11,
York  124,397,81,240,7,
York  125,370,74,195,16,
York  127,502,162,167,14,
Downers Grove  001,608,135,280,17,
Downers Grove  004,713,108,387,12,
Downers Grove  022,726,151,378,16,
Downers Grove  023,484,61,285,8,
Downers Grove  025,718,165,367,18,
Downers Grove  043,482,116,237,11,
Downers Grove  046,546,111,270,13,