County,Precinct,Amanda Howland,Amanda Howland Percent,Peter J. Roskam,Peter J. Roskam Percent,Total
Cook,7000001,234,33.96,455,66.04,689
Cook,7000002,301,45.54,360,54.46,661
Cook,7000003,219,26.64,603,73.36,822
Cook,7000005,181,23.42,592,76.58,773
Cook,7000006,339,38.74,536,61.26,875
Cook,7000007,71,28.06,182,71.94,253
Cook,7000008,350,31.53,760,68.47,"1,110"
Cook,7000009,189,35.13,349,64.87,538
Cook,7000010,254,43.87,325,56.13,579
Cook,7600009,285,41.61,400,58.39,685
Cook,7600026,471,49.84,474,50.16,945
Cook,7600031,184,33.82,360,66.18,544
Cook,7600042,321,46.05,376,53.95,697
Cook,7600044,191,41.98,264,58.02,455
Cook,7900012,114,25.00,342,75.00,456
Cook,7900027,65,22.11,229,77.89,294
Cook,8700001,235,46.08,275,53.92,510
Cook,8700002,358,41.48,505,58.52,863
Cook,8700003,156,26.31,437,73.69,593
Cook,8700006,355,46.65,406,53.35,761
Cook,8700007,331,46.04,388,53.96,719
Cook,8700008,354,46.89,401,53.11,755
Cook,8700009,230,35.44,419,64.56,649
Cook,8700010,221,26.53,612,73.47,833
Cook,8700011,302,48.79,317,51.21,619
Cook,8700012,185,29.37,445,70.63,630
Cook,8700014,279,45.15,339,54.85,618
Cook,8700015,351,46.37,406,53.63,757
Cook,8700017,313,47.14,351,52.86,664
Cook,8700018,213,43.92,272,56.08,485
Cook,8700019,269,37.21,454,62.79,723
Cook,8700020,393,65.07,211,34.93,604
Cook,8700023,126,25.00,378,75.00,504
Cook,8700025,223,40.47,328,59.53,551
Cook,8700028,215,44.42,269,55.58,484
Cook,8700029,379,43.17,499,56.83,878
Cook,8700030,271,50.94,261,49.06,532
Cook,8700031,170,34.14,328,65.86,498
Cook,8700032,253,37.04,430,62.96,683
Cook,8700033,256,57.27,191,42.73,447
Cook,8700034,327,36.87,560,63.13,887
Cook,8700035,259,42.81,346,57.19,605
Cook,8700036,283,44.99,346,55.01,629
Cook,8700037,369,47.43,409,52.57,778
Cook,8700038,212,33.07,429,66.93,641
Cook,8700040,430,42.28,587,57.72,"1,017"
Cook,8700041,388,41.68,543,58.32,931
Cook,8700042,371,44.75,458,55.25,829
Cook,8700043,225,38.14,365,61.86,590
Cook,8700044,235,26.37,656,73.63,891
Cook,8700045,171,30.27,394,69.73,565
Cook,8700046,368,45.60,439,54.40,807
Cook,8700048,208,34.90,388,65.10,596
Cook,8700049,174,33.53,345,66.47,519
Cook,8700050,404,40.16,602,59.84,"1,006"
Cook,8700051,0,0.00,2,100.00,2
Cook,8700052,224,32.75,460,67.25,684
Cook,8700054,384,44.76,474,55.24,858
Cook,8700055,205,39.88,309,60.12,514
Cook,8700056,338,43.78,434,56.22,772
Cook,8700057,447,47.81,488,52.19,935
Cook,8700063,334,47.99,362,52.01,696
Cook,8700064,362,53.63,313,46.37,675
Cook,8700065,254,44.10,322,55.90,576
Cook,8700067,154,24.72,469,75.28,623
Cook,8700068,234,37.56,389,62.44,623
Cook,8700069,314,47.72,344,52.28,658
DuPage,Bloomingdale 009,248,51.88,230,48.12,478
DuPage,Bloomingdale 018,187,43.19,246,56.81,433
DuPage,Bloomingdale 043,203,42.92,270,57.08,473
DuPage,Bloomingdale 045,91,19.04,387,80.96,478
DuPage,Bloomingdale 058,232,40.63,339,59.37,571
DuPage,Bloomingdale 068,273,56.40,211,43.60,484
DuPage,Bloomingdale 077,188,44.34,236,55.66,424
DuPage,Bloomingdale 080,151,36.74,260,63.26,411
DuPage,Bloomingdale 089,150,37.22,253,62.78,403
DuPage,Downers Grove 002,225,43.19,296,56.81,521
DuPage,Downers Grove 003,259,43.38,338,56.62,597
DuPage,Downers Grove 006,144,29.88,338,70.12,482
DuPage,Downers Grove 007,179,28.87,441,71.13,620
DuPage,Downers Grove 008,297,46.77,338,53.23,635
DuPage,Downers Grove 009,222,46.44,256,53.56,478
DuPage,Downers Grove 010,297,51.12,284,48.88,581
DuPage,Downers Grove 011,250,40.52,367,59.48,617
DuPage,Downers Grove 012,217,45.40,261,54.60,478
DuPage,Downers Grove 014,268,43.02,355,56.98,623
DuPage,Downers Grove 015,188,44.98,230,55.02,418
DuPage,Downers Grove 016,122,29.68,289,70.32,411
DuPage,Downers Grove 017,257,46.98,290,53.02,547
DuPage,Downers Grove 018,308,48.89,322,51.11,630
DuPage,Downers Grove 019,180,48.00,195,52.00,375
DuPage,Downers Grove 020,331,46.16,386,53.84,717
DuPage,Downers Grove 021,219,39.39,337,60.61,556
DuPage,Downers Grove 026,267,45.72,317,54.28,584
DuPage,Downers Grove 027,131,38.99,205,61.01,336
DuPage,Downers Grove 028,124,29.67,294,70.33,418
DuPage,Downers Grove 029,251,39.28,388,60.72,639
DuPage,Downers Grove 030,199,45.33,240,54.67,439
DuPage,Downers Grove 031,274,49.82,276,50.18,550
DuPage,Downers Grove 032,168,33.80,329,66.20,497
DuPage,Downers Grove 033,224,50.56,219,49.44,443
DuPage,Downers Grove 034,327,51.82,304,48.18,631
DuPage,Downers Grove 036,260,40.06,389,59.94,649
DuPage,Downers Grove 037,236,34.35,451,65.65,687
DuPage,Downers Grove 038,160,29.30,386,70.70,546
DuPage,Downers Grove 039,240,46.07,281,53.93,521
DuPage,Downers Grove 044,160,33.90,312,66.10,472
DuPage,Downers Grove 045,209,43.82,268,56.18,477
DuPage,Downers Grove 047,117,39.93,176,60.07,293
DuPage,Downers Grove 048,172,41.75,240,58.25,412
DuPage,Downers Grove 049,273,48.32,292,51.68,565
DuPage,Downers Grove 050,283,47.01,319,52.99,602
DuPage,Downers Grove 051,254,47.48,281,52.52,535
DuPage,Downers Grove 052,205,40.92,296,59.08,501
DuPage,Downers Grove 053,305,46.85,346,53.15,651
DuPage,Downers Grove 054,294,41.06,422,58.94,716
DuPage,Downers Grove 055,137,30.58,311,69.42,448
DuPage,Downers Grove 056,173,51.18,165,48.82,338
DuPage,Downers Grove 057,212,45.40,255,54.60,467
DuPage,Downers Grove 059,161,32.07,341,67.93,502
DuPage,Downers Grove 061,241,38.01,393,61.99,634
DuPage,Downers Grove 063,205,49.04,213,50.96,418
DuPage,Downers Grove 064,315,40.38,465,59.62,780
DuPage,Downers Grove 065,242,41.87,336,58.13,578
DuPage,Downers Grove 066,170,38.20,275,61.80,445
DuPage,Downers Grove 067,283,41.56,398,58.44,681
DuPage,Downers Grove 069,193,50.66,188,49.34,381
DuPage,Downers Grove 070,284,36.36,497,63.64,781
DuPage,Downers Grove 071,302,58.98,210,41.02,512
DuPage,Downers Grove 073,152,41.64,213,58.36,365
DuPage,Downers Grove 074,261,41.04,375,58.96,636
DuPage,Downers Grove 075,231,41.92,320,58.08,551
DuPage,Downers Grove 076,343,61.47,215,38.53,558
DuPage,Downers Grove 078,169,40.24,251,59.76,420
DuPage,Downers Grove 079,281,35.89,502,64.11,783
DuPage,Downers Grove 082,221,35.65,399,64.35,620
DuPage,Downers Grove 083,201,31.36,440,68.64,641
DuPage,Downers Grove 084,197,35.88,352,64.12,549
DuPage,Downers Grove 085,142,32.64,293,67.36,435
DuPage,Downers Grove 087,249,34.16,480,65.84,729
DuPage,Downers Grove 092,183,41.97,253,58.03,436
DuPage,Downers Grove 094,275,46.06,322,53.94,597
DuPage,Downers Grove 096,265,54.75,219,45.25,484
DuPage,Downers Grove 097,174,35.15,321,64.85,495
DuPage,Downers Grove 098,158,30.38,362,69.62,520
DuPage,Downers Grove 102,140,33.10,283,66.90,423
DuPage,Downers Grove 103,193,42.51,261,57.49,454
DuPage,Downers Grove 105,317,54.47,265,45.53,582
DuPage,Downers Grove 106,178,36.33,312,63.67,490
DuPage,Downers Grove 107,146,41.01,210,58.99,356
DuPage,Downers Grove 109,204,32.74,419,67.26,623
DuPage,Downers Grove 112,224,43.16,295,56.84,519
DuPage,Downers Grove 113,199,67.00,98,33.00,297
DuPage,Downers Grove 115,205,39.96,308,60.04,513
DuPage,Downers Grove 118,326,63.06,191,36.94,517
DuPage,Downers Grove 119,148,36.45,258,63.55,406
DuPage,Downers Grove 120,289,41.94,400,58.06,689
DuPage,Downers Grove 121,168,40.48,247,59.52,415
DuPage,Downers Grove 127,213,48.30,228,51.70,441
DuPage,Downers Grove 129,257,48.13,277,51.87,534
DuPage,Downers Grove 130,243,60.00,162,40.00,405
DuPage,Downers Grove 131,209,40.98,301,59.02,510
DuPage,Downers Grove 132,124,35.03,230,64.97,354
DuPage,Downers Grove 140,167,41.75,233,58.25,400
DuPage,Downers Grove 141,113,37.42,189,62.58,302
DuPage,Downers Grove 142,163,49.39,167,50.61,330
DuPage,Lisle 001,269,57.23,201,42.77,470
DuPage,Lisle 003,168,36.92,287,63.08,455
DuPage,Lisle 004,274,47.32,305,52.68,579
DuPage,Lisle 006,137,41.77,191,58.23,328
DuPage,Lisle 007,106,36.43,185,63.57,291
DuPage,Lisle 008,265,53.21,233,46.79,498
DuPage,Lisle 009,224,46.19,261,53.81,485
DuPage,Lisle 011,253,40.87,366,59.13,619
DuPage,Lisle 014,196,29.25,474,70.75,670
DuPage,Lisle 016,166,41.29,236,58.71,402
DuPage,Lisle 022,206,37.25,347,62.75,553
DuPage,Lisle 025,240,45.54,287,54.46,527
DuPage,Lisle 031,222,40.36,328,59.64,550
DuPage,Lisle 032,288,54.55,240,45.45,528
DuPage,Lisle 037,213,38.31,343,61.69,556
DuPage,Lisle 038,295,58.07,213,41.93,508
DuPage,Lisle 040,232,48.74,244,51.26,476
DuPage,Lisle 043,167,35.91,298,64.09,465
DuPage,Lisle 044,177,41.16,253,58.84,430
DuPage,Lisle 052,224,45.44,269,54.56,493
DuPage,Lisle 055,172,43.32,225,56.68,397
DuPage,Lisle 056,202,50.50,198,49.50,400
DuPage,Lisle 059,275,43.93,351,56.07,626
DuPage,Lisle 061,261,51.28,248,48.72,509
DuPage,Lisle 068,197,32.89,402,67.11,599
DuPage,Lisle 077,167,54.93,137,45.07,304
DuPage,Lisle 078,267,39.44,410,60.56,677
DuPage,Lisle 080,202,47.64,222,52.36,424
DuPage,Lisle 081,171,35.77,307,64.23,478
DuPage,Lisle 083,231,42.23,316,57.77,547
DuPage,Lisle 088,184,50.69,179,49.31,363
DuPage,Lisle 089,292,51.59,274,48.41,566
DuPage,Lisle 091,245,41.18,350,58.82,595
DuPage,Lisle 092,159,52.30,145,47.70,304
DuPage,Lisle 095,162,33.82,317,66.18,479
DuPage,Lisle 100,170,40.28,252,59.72,422
DuPage,Lisle 101,217,50.35,214,49.65,431
DuPage,Lisle 104,129,27.22,345,72.78,474
DuPage,Lisle 106,128,43.10,169,56.90,297
DuPage,Lisle 107,174,41.04,250,58.96,424
DuPage,Lisle 111,391,57.84,285,42.16,676
DuPage,Lisle 112,330,55.93,260,44.07,590
DuPage,Lisle 114,188,57.67,138,42.33,326
DuPage,Milton 001,157,40.78,228,59.22,385
DuPage,Milton 002,250,42.59,337,57.41,587
DuPage,Milton 003,183,28.82,452,71.18,635
DuPage,Milton 004,156,26.99,422,73.01,578
DuPage,Milton 005,203,33.17,409,66.83,612
DuPage,Milton 006,203,43.19,267,56.81,470
DuPage,Milton 007,159,37.50,265,62.50,424
DuPage,Milton 008,196,38.13,318,61.87,514
DuPage,Milton 009,152,39.69,231,60.31,383
DuPage,Milton 010,215,42.83,287,57.17,502
DuPage,Milton 011,177,40.69,258,59.31,435
DuPage,Milton 012,186,44.29,234,55.71,420
DuPage,Milton 013,185,43.33,242,56.67,427
DuPage,Milton 014,162,35.29,297,64.71,459
DuPage,Milton 015,187,40.74,272,59.26,459
DuPage,Milton 016,190,36.12,336,63.88,526
DuPage,Milton 017,149,34.57,282,65.43,431
DuPage,Milton 018,188,29.33,453,70.67,641
DuPage,Milton 019,266,40.92,384,59.08,650
DuPage,Milton 020,274,38.32,441,61.68,715
DuPage,Milton 021,169,47.88,184,52.12,353
DuPage,Milton 022,170,39.17,264,60.83,434
DuPage,Milton 023,216,37.89,354,62.11,570
DuPage,Milton 024,212,45.89,250,54.11,462
DuPage,Milton 025,176,29.38,423,70.62,599
DuPage,Milton 026,342,53.11,302,46.89,644
DuPage,Milton 027,202,41.39,286,58.61,488
DuPage,Milton 028,185,29.09,451,70.91,636
DuPage,Milton 029,154,38.69,244,61.31,398
DuPage,Milton 030,167,39.86,252,60.14,419
DuPage,Milton 031,118,32.51,245,67.49,363
DuPage,Milton 032,238,36.01,423,63.99,661
DuPage,Milton 033,166,38.07,270,61.93,436
DuPage,Milton 034,243,47.46,269,52.54,512
DuPage,Milton 035,214,42.97,284,57.03,498
DuPage,Milton 036,238,45.95,280,54.05,518
DuPage,Milton 037,161,30.73,363,69.27,524
DuPage,Milton 038,273,49.64,277,50.36,550
DuPage,Milton 039,153,27.42,405,72.58,558
DuPage,Milton 040,252,42.42,342,57.58,594
DuPage,Milton 041,212,46.49,244,53.51,456
DuPage,Milton 042,188,47.72,206,52.28,394
DuPage,Milton 043,208,33.07,421,66.93,629
DuPage,Milton 044,161,42.04,222,57.96,383
DuPage,Milton 045,208,39.32,321,60.68,529
DuPage,Milton 046,213,41.36,302,58.64,515
DuPage,Milton 047,230,43.23,302,56.77,532
DuPage,Milton 048,189,42.38,257,57.62,446
DuPage,Milton 049,171,33.14,345,66.86,516
DuPage,Milton 050,204,40.88,295,59.12,499
DuPage,Milton 051,78,28.16,199,71.84,277
DuPage,Milton 052,207,41.40,293,58.60,500
DuPage,Milton 054,190,34.30,364,65.70,554
DuPage,Milton 055,202,36.93,345,63.07,547
DuPage,Milton 056,283,48.38,302,51.62,585
DuPage,Milton 057,204,32.03,433,67.97,637
DuPage,Milton 058,257,45.33,310,54.67,567
DuPage,Milton 059,172,35.10,318,64.90,490
DuPage,Milton 060,160,46.11,187,53.89,347
DuPage,Milton 061,129,28.23,328,71.77,457
DuPage,Milton 062,183,44.63,227,55.37,410
DuPage,Milton 063,214,43.23,281,56.77,495
DuPage,Milton 064,210,45.45,252,54.55,462
DuPage,Milton 065,210,34.88,392,65.12,602
DuPage,Milton 066,242,44.73,299,55.27,541
DuPage,Milton 067,169,42.68,227,57.32,396
DuPage,Milton 068,214,46.12,250,53.88,464
DuPage,Milton 069,222,49.78,224,50.22,446
DuPage,Milton 071,157,35.04,291,64.96,448
DuPage,Milton 073,209,46.44,241,53.56,450
DuPage,Milton 074,162,31.21,357,68.79,519
DuPage,Milton 075,160,29.74,378,70.26,538
DuPage,Milton 076,222,44.40,278,55.60,500
DuPage,Milton 077,135,29.80,318,70.20,453
DuPage,Milton 078,264,49.35,271,50.65,535
DuPage,Milton 079,204,35.66,368,64.34,572
DuPage,Milton 080,271,54.09,230,45.91,501
DuPage,Milton 081,143,42.06,197,57.94,340
DuPage,Milton 082,126,31.27,277,68.73,403
DuPage,Milton 083,211,41.70,295,58.30,506
DuPage,Milton 084,192,32.16,405,67.84,597
DuPage,Milton 085,191,32.65,394,67.35,585
DuPage,Milton 086,249,55.21,202,44.79,451
DuPage,Milton 087,118,22.69,402,77.31,520
DuPage,Milton 088,232,42.88,309,57.12,541
DuPage,Milton 089,216,45.19,262,54.81,478
DuPage,Milton 090,228,32.85,466,67.15,694
DuPage,Milton 091,167,34.58,316,65.42,483
DuPage,Milton 092,211,35.28,387,64.72,598
DuPage,Milton 093,186,46.97,210,53.03,396
DuPage,Milton 094,201,46.10,235,53.90,436
DuPage,Milton 095,143,24.66,437,75.34,580
DuPage,Milton 096,240,45.80,284,54.20,524
DuPage,Milton 097,256,41.63,359,58.37,615
DuPage,Milton 098,159,33.40,317,66.60,476
DuPage,Milton 099,182,35.55,330,64.45,512
DuPage,Milton 100,179,36.23,315,63.77,494
DuPage,Milton 102,103,25.31,304,74.69,407
DuPage,Milton 104,244,48.03,264,51.97,508
DuPage,Milton 105,121,40.74,176,59.26,297
DuPage,Milton 106,137,26.45,381,73.55,518
DuPage,Milton 107,188,31.18,415,68.82,603
DuPage,Milton 108,187,42.79,250,57.21,437
DuPage,Milton 109,143,28.83,353,71.17,496
DuPage,Milton 110,166,43.46,216,56.54,382
DuPage,Milton 111,184,42.01,254,57.99,438
DuPage,Milton 112,131,32.91,267,67.09,398
DuPage,Milton 113,127,37.24,214,62.76,341
DuPage,Milton 114,168,41.08,241,58.92,409
DuPage,Milton 115,158,34.65,298,65.35,456
DuPage,Milton 116,145,31.12,321,68.88,466
DuPage,Milton 119,96,47.76,105,52.24,201
DuPage,Milton 120,162,51.76,151,48.24,313
DuPage,Milton 122,147,37.31,247,62.69,394
DuPage,Milton 123,175,48.08,189,51.92,364
DuPage,Milton 124,107,35.43,195,64.57,302
DuPage,Naperville 004,96,45.71,114,54.29,210
DuPage,Naperville 005,185,47.93,201,52.07,386
DuPage,Naperville 007,238,43.67,307,56.33,545
DuPage,Naperville 010,256,36.78,440,63.22,696
DuPage,Naperville 015,235,51.09,225,48.91,460
DuPage,Naperville 016,83,34.73,156,65.27,239
DuPage,Naperville 019,282,46.00,331,54.00,613
DuPage,Naperville 022,321,44.58,399,55.42,720
DuPage,Naperville 026,295,41.84,410,58.16,705
DuPage,Naperville 031,257,48.77,270,51.23,527
DuPage,Naperville 061,172,30.77,387,69.23,559
DuPage,Naperville 084,142,29.16,345,70.84,487
DuPage,Wayne 001,136,28.63,339,71.37,475
DuPage,Wayne 002,200,36.50,348,63.50,548
DuPage,Wayne 003,93,22.25,325,77.75,418
DuPage,Wayne 004,235,45.28,284,54.72,519
DuPage,Wayne 005,198,42.67,266,57.33,464
DuPage,Wayne 006,175,39.59,267,60.41,442
DuPage,Wayne 007,170,38.90,267,61.10,437
DuPage,Wayne 008,128,33.95,249,66.05,377
DuPage,Wayne 009,218,37.39,365,62.61,583
DuPage,Wayne 010,115,26.62,317,73.38,432
DuPage,Wayne 011,150,31.25,330,68.75,480
DuPage,Wayne 012,165,42.09,227,57.91,392
DuPage,Wayne 013,255,44.89,313,55.11,568
DuPage,Wayne 015,290,57.43,215,42.57,505
DuPage,Wayne 017,190,41.85,264,58.15,454
DuPage,Wayne 019,218,54.77,180,45.23,398
DuPage,Wayne 020,205,45.45,246,54.55,451
DuPage,Wayne 021,209,43.00,277,57.00,486
DuPage,Wayne 022,196,37.19,331,62.81,527
DuPage,Wayne 023,212,41.41,300,58.59,512
DuPage,Wayne 025,184,44.77,227,55.23,411
DuPage,Wayne 026,153,38.73,242,61.27,395
DuPage,Wayne 028,151,46.04,177,53.96,328
DuPage,Wayne 030,212,42.48,287,57.52,499
DuPage,Wayne 032,155,33.41,309,66.59,464
DuPage,Wayne 033,187,43.79,240,56.21,427
DuPage,Wayne 035,165,34.74,310,65.26,475
DuPage,Wayne 036,225,38.27,363,61.73,588
DuPage,Wayne 037,147,27.17,394,72.83,541
DuPage,Wayne 038,44,45.83,52,54.17,96
DuPage,Wayne 039,234,40.70,341,59.30,575
DuPage,Wayne 040,170,39.17,264,60.83,434
DuPage,Wayne 042,209,49.76,211,50.24,420
DuPage,Wayne 043,199,42.89,265,57.11,464
DuPage,Wayne 044,152,42.58,205,57.42,357
DuPage,Wayne 046,168,39.34,259,60.66,427
DuPage,Wayne 047,176,55.17,143,44.83,319
DuPage,Wayne 048,168,28.97,412,71.03,580
DuPage,Wayne 049,205,41.75,286,58.25,491
DuPage,Wayne 050,197,39.17,306,60.83,503
DuPage,Wayne 052,150,37.88,246,62.12,396
DuPage,Wayne 053,258,47.87,281,52.13,539
DuPage,Wayne 054,248,50.20,246,49.80,494
DuPage,Wayne 055,185,38.70,293,61.30,478
DuPage,Wayne 056,109,27.74,284,72.26,393
DuPage,Wayne 057,186,38.99,291,61.01,477
DuPage,Wayne 058,159,40.66,232,59.34,391
DuPage,Wayne 059,174,42.65,234,57.35,408
DuPage,Wayne 060,135,45.30,163,54.70,298
DuPage,Winfield 001,292,56.05,229,43.95,521
DuPage,Winfield 002,235,34.92,438,65.08,673
DuPage,Winfield 004,239,38.49,382,61.51,621
DuPage,Winfield 005,205,47.24,229,52.76,434
DuPage,Winfield 006,178,38.12,289,61.88,467
DuPage,Winfield 007,159,28.96,390,71.04,549
DuPage,Winfield 008,133,35.09,246,64.91,379
DuPage,Winfield 009,383,72.95,142,27.05,525
DuPage,Winfield 012,283,43.81,363,56.19,646
DuPage,Winfield 013,251,65.36,133,34.64,384
DuPage,Winfield 014,242,36.67,418,63.33,660
DuPage,Winfield 015,235,47.86,256,52.14,491
DuPage,Winfield 017,199,47.38,221,52.62,420
DuPage,Winfield 018,144,34.37,275,65.63,419
DuPage,Winfield 019,148,27.66,387,72.34,535
DuPage,Winfield 020,200,34.07,387,65.93,587
DuPage,Winfield 021,301,36.71,519,63.29,820
DuPage,Winfield 022,208,35.56,377,64.44,585
DuPage,Winfield 023,242,45.40,291,54.60,533
DuPage,Winfield 030,234,34.36,447,65.64,681
DuPage,Winfield 037,192,45.61,229,54.39,421
DuPage,York 003,156,32.50,324,67.50,480
DuPage,York 009,299,50.42,294,49.58,593
DuPage,York 018,206,44.49,257,55.51,463
DuPage,York 019,21,37.50,35,62.50,56
DuPage,York 021,172,44.10,218,55.90,390
DuPage,York 026,197,46.79,224,53.21,421
DuPage,York 030,154,29.90,361,70.10,515
DuPage,York 036,183,35.88,327,64.12,510
DuPage,York 042,191,45.91,225,54.09,416
DuPage,York 043,172,49.86,173,50.14,345
DuPage,York 045,29,41.43,41,58.57,70
DuPage,York 046,220,41.43,311,58.57,531
DuPage,York 056,327,47.88,356,52.12,683
DuPage,York 062,308,56.41,238,43.59,546
DuPage,York 064,184,38.33,296,61.67,480
DuPage,York 074,280,49.82,282,50.18,562
DuPage,York 075,237,47.49,262,52.51,499
DuPage,York 077,196,38.51,313,61.49,509
DuPage,York 086,298,54.48,249,45.52,547
DuPage,York 092,196,46.89,222,53.11,418
DuPage,York 093,141,47.47,156,52.53,297
DuPage,York 095,161,47.92,175,52.08,336
DuPage,York 097,191,39.22,296,60.78,487
DuPage,York 100,247,46.43,285,53.57,532
DuPage,York 101,165,42.86,220,57.14,385
DuPage,York 105,88,31.54,191,68.46,279
DuPage,York 106,89,22.42,308,77.58,397
DuPage,York 109,141,33.73,277,66.27,418
DuPage,York 111,318,53.09,281,46.91,599
DuPage,York 114,262,47.46,290,52.54,552
DuPage,York 118,168,55.08,137,44.92,305
DuPage,York 119,142,35.59,257,64.41,399
DuPage,York 121,314,43.85,402,56.15,716
DuPage,York 122,150,34.56,284,65.44,434
DuPage,York 123,184,40.71,268,59.29,452
DuPage,York 128,190,39.01,297,60.99,487
DuPage,York 130,156,37.86,256,62.14,412
DuPage,York 131,86,51.19,82,48.81,168
Kane,DU0001,335,48.13,361,51.87,696
Kane,DU0002,210,49.07,218,50.93,428
Kane,DU0004,252,37.72,416,62.28,668
Kane,DU0016,416,52.59,375,47.41,791
Kane,DU0018,445,40.13,664,59.87,"1,109"
Kane,DU0020,281,35.52,510,64.48,791
Kane,DU0022,182,33.77,357,66.23,539
Kane,DU0023,215,49.20,222,50.80,437
Kane,DU0024,269,44.91,330,55.09,599
Kane,DU0025,156,33.05,316,66.95,472
Kane,DU0026,208,45.12,253,54.88,461
Kane,DU0027,293,52.23,268,47.77,561
Kane,DU0028,463,36.54,804,63.46,"1,267"
Kane,DU0029,238,39.87,359,60.13,597
Kane,DU0030,328,39.33,506,60.67,834
Kane,DU0031,185,39.53,283,60.47,468
Kane,DU0032,580,52.06,534,47.94,"1,114"
Kane,DU0033,533,48.50,566,51.50,"1,099"
Kane,DU0034,445,50.63,434,49.37,879
Kane,DU0035,649,57.79,474,42.21,"1,123"
Kane,EL0007,245,40.10,366,59.90,611
Kane,EL0008,350,60.87,225,39.13,575
Kane,EL0010,256,50.00,256,50.00,512
Kane,EL0015,269,52.23,246,47.77,515
Kane,EL0016,284,41.40,402,58.60,686
Kane,EL0021,221,50.57,216,49.43,437
Kane,EL0024,468,37.62,776,62.38,"1,244"
Kane,EL0036,375,53.12,331,46.88,706
Kane,EL0038,211,38.86,332,61.14,543
Kane,EL0039,240,48.00,260,52.00,500
Kane,EL0047,560,40.85,811,59.15,"1,371"
Kane,EL0048,399,49.88,401,50.13,800
Kane,EL0050,175,54.18,148,45.82,323
Kane,EL0051,293,41.80,408,58.20,701
Kane,EL0053,674,49.31,693,50.69,"1,367"
Kane,EL0054,345,53.08,305,46.92,650
Kane,EL0055,408,46.84,463,53.16,871
Kane,EL0056,400,50.70,389,49.30,789
Kane,EL0057,15,57.69,11,42.31,26
Kane,EL0058,850,46.50,978,53.50,"1,828"
Kane,EL0059,809,44.94,991,55.06,"1,800"
Kane,RU0001,565,41.42,799,58.58,"1,364"
Kane,RU0005,601,46.37,695,53.63,"1,296"
Kane,RU0006,219,38.02,357,61.98,576
Kane,SC0001,206,36.52,358,63.48,564
Kane,SC0002,242,34.72,455,65.28,697
Kane,SC0003,342,40.71,498,59.29,840
Kane,SC0007,177,24.18,555,75.82,732
Kane,SC0008,339,38.39,544,61.61,883
Kane,SC0011,281,41.75,392,58.25,673
Kane,SC0012,259,36.48,451,63.52,710
Kane,SC0016,273,30.71,616,69.29,889
Kane,SC0017,266,46.02,312,53.98,578
Kane,SC0022,251,31.73,540,68.27,791
Kane,SC0024,488,33.91,951,66.09,"1,439"
Kane,SC0026,289,31.38,632,68.62,921
Kane,SC0027,306,33.52,607,66.48,913
Kane,SC0028,245,34.41,467,65.59,712
Kane,SC0029,387,41.88,537,58.12,924
Kane,SC0030,236,30.69,533,69.31,769
Kane,SC0031,307,29.98,717,70.02,"1,024"
Kane,SC0032,135,22.80,457,77.20,592
Kane,SC0033,230,33.58,455,66.42,685
Lake,Cuba 64,137,25.95,391,74.05,528
Lake,Cuba 65,200,27.10,538,72.90,738
Lake,Cuba 66,265,37.70,438,62.30,703
Lake,Cuba 67,200,36.30,351,63.70,551
Lake,Cuba 68,249,34.87,465,65.13,714
Lake,Cuba 69,308,36.54,535,63.46,843
Lake,Cuba 70,161,28.45,405,71.55,566
Lake,Cuba 71,230,33.63,454,66.37,684
Lake,Cuba 72,201,35.08,372,64.92,573
Lake,Cuba 73,267,36.13,472,63.87,739
Lake,Cuba 74,241,30.24,556,69.76,797
Lake,Cuba 75,175,29.22,424,70.78,599
Lake,Cuba 76,327,43.72,421,56.28,748
Lake,Cuba 77,265,29.35,638,70.65,903
Lake,Ela 100,306,32.52,635,67.48,941
Lake,Ela 101,325,35.60,588,64.40,913
Lake,Ela 102,299,30.95,667,69.05,966
Lake,Ela 103,314,40.94,453,59.06,767
Lake,Ela 104,250,30.64,566,69.36,816
Lake,Ela 105,303,33.08,613,66.92,916
Lake,Ela 78,191,30.81,429,69.19,620
Lake,Ela 79,290,36.30,509,63.70,799
Lake,Ela 80,268,36.31,470,63.69,738
Lake,Ela 81,328,37.83,539,62.17,867
Lake,Ela 82,307,37.71,507,62.29,814
Lake,Ela 83,355,43.83,455,56.17,810
Lake,Ela 84,287,41.53,404,58.47,691
Lake,Ela 85,231,38.82,364,61.18,595
Lake,Ela 86,299,39.14,465,60.86,764
Lake,Ela 87,398,47.84,434,52.16,832
Lake,Ela 88,162,24.07,511,75.93,673
Lake,Ela 89,258,35.34,472,64.66,730
Lake,Ela 90,278,40.23,413,59.77,691
Lake,Ela 91,245,39.77,371,60.23,616
Lake,Ela 92,330,47.41,366,52.59,696
Lake,Ela 93,280,43.08,370,56.92,650
Lake,Ela 94,336,44.44,420,55.56,756
Lake,Ela 95,326,41.16,466,58.84,792
Lake,Ela 96,310,39.19,481,60.81,791
Lake,Ela 97,305,45.25,369,54.75,674
Lake,Ela 98,253,39.29,391,60.71,644
Lake,Ela 99,352,32.71,724,67.29,"1,076"
McHenry,ALG 1,186,47.33,207,52.67,393
McHenry,ALG 2,257,48.04,278,51.96,535
McHenry,ALG 3,212,46.59,243,53.41,455
McHenry,ALG 4,318,50.00,318,50.00,636
McHenry,ALG 5,329,40.82,477,59.18,806
McHenry,ALG 6,216,41.62,303,58.38,519
McHenry,ALG 7,108,32.43,225,67.57,333
McHenry,ALG 8,251,41.83,349,58.17,600
McHenry,ALG 9,222,40.51,326,59.49,548
McHenry,ALG 10,314,51.22,299,48.78,613
McHenry,ALG 11,313,45.23,379,54.77,692
McHenry,ALG 12,272,43.17,358,56.83,630
McHenry,ALG 13,237,45.32,286,54.68,523
McHenry,ALG 14,225,37.13,381,62.87,606
McHenry,ALG 15,207,44.90,254,55.10,461
McHenry,ALG 16,190,29.78,448,70.22,638
McHenry,ALG 17,254,31.17,561,68.83,815
McHenry,ALG 18,165,37.50,275,62.50,440
McHenry,ALG 19,198,46.26,230,53.74,428
McHenry,ALG 20,129,46.07,151,53.93,280
McHenry,ALG 21,250,42.44,339,57.56,589
McHenry,ALG 22,181,47.76,198,52.24,379
McHenry,ALG 23,260,37.20,439,62.80,699
McHenry,ALG 24,320,49.46,327,50.54,647
McHenry,ALG 25,181,47.38,201,52.62,382
McHenry,ALG 26,206,48.24,221,51.76,427
McHenry,ALG 27,207,45.39,249,54.61,456
McHenry,ALG 28,241,38.62,383,61.38,624
McHenry,ALG 29,169,45.55,202,54.45,371
McHenry,ALG 30,278,38.08,452,61.92,730
McHenry,ALG 31,314,40.36,464,59.64,778
McHenry,ALG 32,199,41.12,285,58.88,484
McHenry,ALG 33,273,37.66,452,62.34,725
McHenry,ALG 34,257,51.92,238,48.08,495
McHenry,ALG 35,310,41.95,429,58.05,739
McHenry,ALG 36,205,37.61,340,62.39,545
McHenry,ALG 37,109,55.33,88,44.67,197
McHenry,ALG 38,246,43.31,322,56.69,568
McHenry,ALG 39,265,47.24,296,52.76,561
McHenry,ALG 40,237,50.97,228,49.03,465
McHenry,ALG 41,365,43.98,465,56.02,830
McHenry,ALG 42,341,40.99,491,59.01,832
McHenry,ALG 43,302,38.77,477,61.23,779
McHenry,ALG 44,227,44.42,284,55.58,511
McHenry,ALG 45,264,39.17,410,60.83,674
McHenry,ALG 46,292,40.11,436,59.89,728
McHenry,ALG 47,362,42.00,500,58.00,862
McHenry,ALG 48,290,36.80,498,63.20,788
McHenry,ALG 49,163,30.19,377,69.81,540
McHenry,ALG 50,204,32.43,425,67.57,629
McHenry,ALG 51,357,42.91,475,57.09,832
McHenry,ALG 52,336,45.78,398,54.22,734
McHenry,ALG 53,247,52.22,226,47.78,473
McHenry,ALG 54,265,40.03,397,59.97,662
McHenry,ALG 55,305,39.20,473,60.80,778
McHenry,ALG 56,208,48.37,222,51.63,430
McHenry,ALG 57,423,47.80,462,52.20,885
McHenry,ALG 58,280,37.99,457,62.01,737
McHenry,ALG 59,427,50.24,423,49.76,850
McHenry,ALG 60,125,39.18,194,60.82,319
McHenry,ALG 61,184,44.44,230,55.56,414
McHenry,ALG 62,280,38.25,452,61.75,732
McHenry,ALG 63,386,44.94,473,55.06,859
McHenry,ALG 64,180,38.88,283,61.12,463
McHenry,ALG 65,278,30.65,629,69.35,907
McHenry,ALG 66,201,40.28,298,59.72,499
McHenry,ALG 67,218,32.88,445,67.12,663
McHenry,ALG 68,335,36.69,578,63.31,913
TOTAL:,,"143,591",40.78,"208,555",59.22,"352,146"