County,Precinct,Kelly Mazeski,Amanda Howland,Sean Casten,Jennifer Zordani,Becky Anderson Wilkins,Ryan Huffman,Carole Cheney,Peter J. Roskam,Dem Turnout,Dem Percent
cook,8700040,59,20,73,10,5,10,43,142,15.793251974156497,60.773480662983424
cook,8700068,28,12,27,1,5,5,32,95,12.987012987012985,53.65853658536586
cook,8700034,61,15,46,9,7,7,33,135,14.93288590604027,56.86900958466453
cook,8700044,29,21,29,5,3,5,32,190,10.281923714759536,39.490445859872615
cook,8700054,80,32,50,9,5,10,59,143,21.662245800176834,63.144329896907216
cook,8700020,38,18,30,8,6,5,14,48,11.655239960822723,71.25748502994011
cook,8700028,27,21,27,4,7,1,29,56,16.714697406340058,67.44186046511628
cook,8700008,51,28,47,6,7,7,34,95,16.289592760180994,65.45454545454545
cook,8700009,45,14,42,4,2,3,34,111,16.089385474860336,56.470588235294116
cook,8700042,62,28,51,2,7,5,42,130,16.852010265183917,60.24464831804281
cook,8700025,36,14,44,5,4,12,28,88,19.402985074626866,61.904761904761905
cook,7600031,33,19,16,6,4,4,19,81,12.438423645320198,55.494505494505496
cook,8700029,58,25,52,9,6,12,41,106,15.49618320610687,65.69579288025889
cook,8700002,51,17,53,12,5,15,49,147,17.32418524871355,57.879656160458445
cook,8700003,24,6,16,5,2,9,27,107,11.209068010075567,45.40816326530612
cook,8700001,35,15,28,3,5,4,19,68,14.100905562742561,61.5819209039548
cook,8700006,44,24,55,12,7,10,30,91,16.063548102383056,66.66666666666666
cook,8700007,42,18,56,5,5,9,36,86,16.897233201581027,66.53696498054474
cook,8700048,37,20,33,2,5,4,37,128,19.3006993006993,51.8796992481203
cook,8700049,39,5,22,4,1,4,22,83,13.896848137535816,53.888888888888886
cook,8700041,46,18,57,9,6,8,47,116,14.852255054432348,62.21498371335505
cook,8700069,36,18,40,7,4,5,23,82,12.85024154589372,61.86046511627907
cook,8700064,37,19,42,3,6,7,22,76,12.420091324200913,64.15094339622641
cook,8700065,34,19,27,8,2,7,25,86,15.193026151930262,58.65384615384615
cook,7900027,14,5,16,2,0,1,10,54,5.536332179930796,47.05882352941176
cook,8700067,24,13,17,3,4,3,13,147,9.447852760736195,34.375
cook,8700045,27,8,24,7,1,8,41,107,15.243101182654403,52.01793721973094
cook,8700063,36,16,41,5,5,9,31,82,14.14441147378833,63.55555555555556
cook,7000008,45,15,28,9,5,5,28,151,8.426966292134832,47.2027972027972
cook,7000009,44,8,33,3,4,5,30,111,17.812061711079945,53.36134453781513
cook,7000001,44,16,25,3,2,6,26,139,13.480662983425415,46.74329501915709
cook,7000002,70,27,34,5,2,12,27,90,18.991416309012877,66.29213483146067
cook,7000003,30,4,20,2,1,9,29,147,8.253692441355343,39.25619834710744
cook,7000005,54,6,13,2,2,2,16,160,8.837209302325581,37.254901960784316
cook,7000006,57,14,44,5,5,4,42,136,14.454775993237531,55.700325732899024
cook,7000007,19,3,6,8,1,1,5,38,11.944444444444445,53.086419753086425
cook,7600042,49,17,29,3,3,6,20,92,11.662075298438934,57.99086757990868
cook,7600044,35,23,21,6,1,5,26,80,8.856926570779713,59.390862944162436
cook,8700033,24,20,21,1,2,3,17,39,11.733333333333333,69.29133858267717
cook,8700032,21,16,35,8,4,4,32,99,13.2890365448505,54.794520547945204
cook,7600026,52,29,40,12,7,7,18,122,10.286783042394015,57.491289198606275
cook,8700030,42,14,36,5,7,9,24,74,17.746113989637305,64.92890995260665
cook,8700019,45,19,34,7,6,12,32,126,15.816326530612246,55.16014234875445
cook,8700018,34,25,37,6,3,5,23,63,18.945868945868945,67.85714285714286
cook,8700035,35,23,50,5,5,4,40,93,19.588875453446192,63.52941176470588
cook,7600009,81,21,28,14,4,6,29,108,17.99410029498525,62.88659793814433
cook,8700015,45,24,42,12,2,8,31,78,14.922656960873521,67.76859504132231
cook,8700014,38,18,51,8,4,6,29,90,16.488222698072803,63.114754098360656
cook,8700017,51,25,68,6,5,8,31,83,20.770877944325484,70.03610108303249
cook,8700038,21,3,40,4,10,3,41,123,13.911060433295324,49.795918367346935
cook,8700011,40,23,33,1,4,2,19,58,13.034188034188036,67.77777777777779
cook,8700010,54,12,21,4,4,12,37,137,12.489158716392021,51.245551601423486
cook,8700012,36,15,22,4,1,3,30,123,12.570781426953568,47.43589743589743
cook,8700046,42,34,42,4,3,9,46,114,16.574585635359114,61.224489795918366
cook,7900012,19,5,29,10,1,2,24,85,14.77832512315271,51.42857142857142
cook,8700043,64,16,27,10,7,10,30,77,20.0734394124847,68.04979253112033
cook,8700050,69,28,54,20,5,10,50,160,17.151162790697676,59.59595959595959
cook,8700052,28,14,25,8,5,8,38,135,13.291139240506327,48.275862068965516
cook,8700055,31,8,29,3,3,5,19,75,14.000000000000002,56.64739884393064
cook,8700031,33,24,31,2,4,8,30,102,20.276497695852534,56.41025641025641
cook,8700057,60,40,68,16,3,8,39,122,17.80821917808219,65.73033707865169
cook,8700056,51,24,30,4,5,6,36,98,13.600697471665214,61.417322834645674
cook,8700051,0,0,1,0,0,0,0,2,0.15723270440251574,33.33333333333333
cook,8700023,19,4,19,3,1,3,35,100,12.785388127853881,45.65217391304348
cook,8700037,53,31,45,6,4,4,31,110,15.156794425087108,61.267605633802816
cook,7000010,45,12,19,5,4,4,26,67,8.081517919887562,63.18681318681318
cook,8700036,40,12,21,5,3,8,39,64,13.91304347826087,66.66666666666666
kane,SC0016,42,11,37,6,3,0,12,154,8.558211256746338,41.88679245283019
kane,EL0036,38,24,25,4,6,4,11,103,8.974358974358974,52.093023255813954
kane,DU0028,55,21,36,11,15,4,28,162,8.966244725738397,51.204819277108435
kane,EL0016,47,15,20,2,6,5,20,115,11.6751269035533,50.0
kane,SC0030,35,11,15,11,5,3,28,162,9.6,40.0
kane,EL0058,75,33,41,5,14,6,35,144,7.385159010600708,59.20679886685553
kane,EL0015,35,11,19,5,7,7,20,70,13.214739517153747,59.77011494252874
kane,EL0010,28,21,27,4,6,8,12,69,13.572343149807939,60.57142857142858
kane,EL0053,51,20,38,9,12,16,33,142,8.070333633904418,55.7632398753894
kane,EL0038,25,8,17,3,3,8,12,94,8.315098468271334,44.70588235294118
kane,EL0039,27,18,24,6,6,3,5,82,9.632034632034632,52.046783625730995
kane,EL0050,19,13,21,5,4,5,8,28,14.82213438735178,72.81553398058253
kane,EL0051,37,16,26,7,9,6,13,95,11.242603550295858,54.54545454545454
kane,EL0056,45,20,28,7,12,7,17,78,10.625,63.55140186915887
kane,EL0057,4,0,0,1,0,0,1,3,11.320754716981133,66.66666666666666
kane,EL0054,51,26,22,4,6,10,18,72,13.470993117010815,65.55023923444976
kane,EL0055,34,20,30,3,8,14,13,145,8.7018544935806,45.69288389513109
kane,DU0034,54,16,29,5,7,9,17,67,9.737029140014215,67.15686274509804
kane,DU0035,53,23,23,7,8,10,13,81,7.0764462809917354,62.84403669724771
kane,DU0032,46,28,23,5,9,11,14,79,7.083333333333333,63.25581395348837
kane,DU0033,37,33,35,10,11,5,11,103,8.372641509433961,57.95918367346938
kane,DU0016,41,13,18,5,7,6,16,61,8.631921824104234,63.47305389221557
kane,DU0031,21,6,18,4,5,5,12,48,9.633649932157395,59.66386554621849
kane,DU0018,56,20,35,5,7,12,38,131,10.785536159600998,56.9078947368421
kane,SC0017,32,24,36,5,7,7,11,97,12.695109261186262,55.70776255707762
kane,SC0029,36,23,42,4,16,4,19,133,9.95162404975812,51.985559566786996
kane,SC0033,22,7,36,5,5,5,20,111,10.309278350515463,47.39336492890995
kane,SC0001,34,4,23,1,8,4,22,146,12.121212121212121,39.66942148760331
kane,RU0005,55,33,44,10,11,11,17,92,8.973723351512147,66.30036630036629
kane,RU0006,24,7,10,5,2,7,10,88,7.198228128460686,42.48366013071895
kane,RU0001,38,28,38,5,10,11,27,160,6.965394853593611,49.52681388012618
kane,EL0047,55,27,22,9,9,11,32,158,7.805108798486282,51.08359133126935
kane,SC0012,22,18,21,3,8,5,21,90,8.649602824360105,52.12765957446809
kane,SC0011,27,21,38,5,7,8,16,103,11.423220973782772,54.22222222222223
kane,SC0032,21,7,7,4,5,2,19,127,7.445589919816724,33.85416666666667
kane,SC0007,19,14,19,6,2,2,15,188,6.796116504854369,29.056603773584904
kane,SC0022,28,10,31,4,5,7,32,163,10.985915492957748,41.785714285714285
kane,EL0048,51,27,20,8,7,5,34,98,12.530915086562242,60.8
kane,EL0007,35,13,18,4,9,10,20,118,12.763466042154567,48.01762114537445
kane,SC0008,54,12,35,3,14,6,48,157,14.297589359933498,52.27963525835866
kane,SC0027,43,15,19,4,12,1,32,188,9.62566844919786,40.12738853503185
kane,SC0024,45,34,44,9,3,6,28,206,7.9156908665105385,45.06666666666666
kane,DU0030,42,12,17,3,4,4,14,138,7.6069730586370845,41.02564102564102
kane,SC0028,31,11,23,6,8,6,23,156,10.454985479186835,40.909090909090914
kane,EL0024,49,22,32,7,9,17,27,200,8.471933471933472,44.90358126721763
kane,EL0008,32,34,20,4,9,6,13,77,13.111111111111112,60.51282051282051
kane,EL0021,26,6,21,7,5,3,9,46,9.846547314578006,62.601626016260155
kane,SC0003,35,14,27,5,9,1,26,108,10.254163014899213,52.0
kane,DU0025,36,9,12,1,1,5,10,77,10.647482014388489,49.00662251655629
kane,DU0024,33,21,24,5,3,6,13,78,11.462882096069869,57.377049180327866
kane,DU0027,17,10,9,2,4,0,6,60,4.729064039408867,44.44444444444444
kane,DU0026,32,5,23,2,3,10,15,78,12.987012987012985,53.57142857142857
kane,DU0020,33,20,34,11,6,9,25,120,12.343470483005367,53.48837209302325
kane,DU0023,26,5,15,4,3,10,23,36,12.684365781710916,70.49180327868852
kane,DU0022,19,10,19,0,5,7,14,112,9.319899244332493,39.784946236559136
kane,DU0004,23,15,21,1,7,9,21,95,10.497835497835498,50.520833333333336
kane,DU0029,27,11,20,5,2,6,16,84,10.271546635182998,50.877192982456144
kane,DU0002,28,17,24,5,7,9,22,99,16.27906976744186,53.08056872037915
kane,DU0001,38,20,37,4,7,11,21,93,13.218390804597702,59.74025974025974
kane,SC0031,28,19,32,6,8,3,18,205,7.228915662650602,35.73667711598746
kane,EL0059,113,123,42,14,14,5,87,249,15.971107544141253,61.514683153013905
kane,SC0026,30,16,26,3,12,5,27,198,9.217660728117739,37.53943217665615
kane,SC0002,38,12,27,8,11,5,22,122,12.746113989637307,50.204081632653065
lake,Ela 86,60,36,36,3,4,4,24,162,15.666041275797374,50.75987841945289
lake,Ela 87,57,38,35,5,5,5,20,121,12.81055900621118,57.692307692307686
lake,Ela 84,23,45,18,5,0,5,23,117,12.044534412955466,50.42372881355932
lake,Ela 85,40,25,29,3,2,4,16,79,13.19290465631929,60.1010101010101
lake,Ela 82,46,24,30,5,3,4,15,112,10.645431684828164,53.13807531380753
lake,Ela 83,45,60,44,7,4,3,26,118,16.016949152542374,61.563517915309454
lake,Ela 80,41,38,25,1,0,7,24,95,13.203883495145632,58.87445887445888
lake,Ela 81,33,25,25,10,1,6,22,97,9.428129829984544,55.70776255707762
lake,Ela 104,43,18,34,2,1,5,25,118,11.490125673249551,52.03252032520326
lake,Ela 88,19,21,10,4,5,1,6,130,6.839378238341968,33.6734693877551
lake,Ela 89,33,23,31,6,8,9,24,129,12.665406427221171,50.950570342205324
lake,Ela 105,59,28,32,5,4,11,29,180,12.795125666412796,48.275862068965516
lake,Ela 102,42,24,27,7,5,7,28,187,10.471204188481675,42.813455657492355
lake,Ela 103,62,42,40,7,3,8,18,141,16.39344262295082,56.074766355140184
lake,Ela 79,41,26,26,10,2,2,26,141,10.982658959537572,48.54014598540146
lake,Ela 78,22,30,25,4,5,4,15,121,12.711864406779661,46.46017699115044
lake,Ela 100,32,34,32,6,5,7,18,125,9.557774607703282,51.737451737451735
lake,Ela 101,36,27,22,7,8,3,36,134,9.823321554770319,50.91575091575091
lake,Cuba 64,29,9,12,1,1,0,8,74,7.528230865746549,44.776119402985074
lake,Cuba 65,49,10,16,1,3,4,17,150,10.02004008016032,40.0
lake,Cuba 66,78,12,25,3,3,2,18,98,14.718162839248434,58.995815899581594
lake,Cuba 67,26,17,24,3,2,2,9,89,11.140939597315436,48.25581395348838
lake,Cuba 68,55,16,22,1,2,5,34,146,15.066964285714285,48.04270462633452
lake,Cuba 69,58,34,50,9,2,2,35,166,17.14801444043321,53.37078651685393
lake,Ela 95,43,45,40,11,5,5,25,125,15.35745807590468,58.19397993311036
lake,Ela 94,60,43,25,9,5,6,29,121,17.002881844380404,59.395973154362416
lake,Ela 97,52,40,33,8,4,5,24,112,17.219917012448132,59.71223021582733
lake,Ela 96,55,26,35,7,4,4,22,156,13.947128532360983,49.51456310679612
lake,Ela 91,36,26,29,2,1,4,17,97,13.188073394495412,54.24528301886793
lake,Ela 90,41,50,42,4,7,5,22,133,17.5564681724846,56.25
lake,Ela 93,43,31,41,5,5,9,24,105,17.439293598233995,60.07604562737643
lake,Ela 92,45,32,21,6,4,1,19,110,11.72161172161172,53.78151260504202
lake,Ela 99,57,37,28,3,2,5,24,203,10.4,43.45403899721448
lake,Ela 98,63,31,23,6,4,3,28,139,17.853107344632768,53.198653198653204
lake,Cuba 73,43,14,24,4,2,1,31,119,11.018518518518519,50.0
lake,Cuba 72,38,23,15,1,0,0,17,97,11.72069825436409,49.21465968586388
lake,Cuba 71,23,14,22,0,2,5,23,111,9.044715447154472,44.5
lake,Cuba 70,26,13,20,1,0,4,12,87,9.559748427672957,46.62576687116564
lake,Cuba 77,55,17,26,1,1,5,25,166,10.441767068273093,43.91891891891892
lake,Cuba 76,59,19,33,1,8,10,35,92,15.566037735849056,64.2023346303502
lake,Cuba 75,44,12,14,2,1,3,15,111,10.9375,45.04950495049505
lake,Cuba 74,37,16,26,3,2,3,24,134,10.258780036968576,45.30612244897959
dupage,Winfield 8,11,7,19,1,6,6,13,69,10.899653979238755,47.72727272727273
dupage,Downers Grove 87,50,14,41,9,9,5,23,191,15.71279916753382,44.15204678362573
dupage,Downers Grove 85,19,8,33,7,4,0,11,70,12.386706948640484,53.94736842105263
dupage,Downers Grove 84,22,4,63,11,3,4,13,74,15.18987341772152,61.855670103092784
dupage,Downers Grove 83,5,2,3,0,1,1,5,34,1.829924650161464,33.33333333333333
dupage,Naperville 5,12,6,21,2,57,4,23,66,14.400921658986174,65.44502617801047
dupage,Naperville 7,23,12,19,3,46,3,19,64,15.782828282828282,66.13756613756614
dupage,York 100,37,13,31,7,7,8,16,76,16.01615074024226,61.02564102564103
dupage,York 101,28,11,29,3,2,3,13,67,15.478260869565217,57.05128205128205
dupage,Downers Grove 16,8,2,54,1,1,1,1,63,11.03896103896104,51.908396946564885
dupage,Downers Grove 17,15,4,141,0,7,2,16,92,24.601063829787233,66.78700361010831
dupage,Downers Grove 10,29,11,70,10,17,3,12,75,16.9453734671126,66.96035242290749
dupage,York 105,6,3,5,3,0,1,6,46,5.393258426966292,34.285714285714285
dupage,York 106,13,3,8,5,0,1,4,90,6.148282097649186,27.419354838709676
dupage,York 109,13,3,49,2,2,0,14,77,14.795008912655971,51.87500000000001
dupage,Downers Grove 18,24,10,77,6,27,3,18,70,18.29268292682927,70.2127659574468
dupage,Downers Grove 19,18,5,19,5,3,2,8,50,9.404388714733543,54.54545454545454
dupage,York 42,21,14,24,2,4,3,14,56,14.113597246127366,59.42028985507246
dupage,York 43,27,9,23,4,2,2,14,35,16.33064516129032,69.82758620689656
dupage,York 46,28,14,18,5,7,2,12,89,11.286089238845145,49.142857142857146
dupage,Milton 55,22,12,35,5,4,3,23,102,13.081761006289309,50.48543689320388
dupage,Milton 54,21,9,46,2,5,2,39,122,16.599732262382865,50.40650406504065
dupage,Milton 57,11,16,26,6,5,2,22,100,14.715719063545151,46.808510638297875
dupage,Milton 56,16,26,57,2,4,5,24,67,16.60470879801735,66.66666666666666
dupage,Milton 51,2,3,4,2,0,0,1,35,1.5665796344647518,25.53191489361702
dupage,Milton 50,17,20,51,1,9,6,21,88,17.78093883357041,58.68544600938967
dupage,Lisle 56,28,15,36,3,7,3,12,59,18.63799283154122,63.80368098159509
dupage,Milton 52,23,8,59,6,8,4,25,106,18.945868945868945,55.64853556485355
dupage,Lisle 59,27,19,42,3,18,1,28,88,15.916955017301039,61.06194690265486
dupage,Milton 59,24,7,49,4,6,3,22,95,15.498652291105122,54.761904761904766
dupage,Milton 58,21,13,79,6,6,3,29,73,19.38271604938272,68.26086956521739
dupage,Lisle 40,28,6,85,3,10,3,15,80,21.398002853067048,65.21739130434783
dupage,Downers Grove 127,23,13,29,12,6,3,20,59,15.939849624060152,64.24242424242425
dupage,Naperville 31,27,10,24,6,29,1,23,71,14.796547472256474,62.82722513089005
dupage,Lisle 44,14,8,25,1,9,4,31,77,14.743589743589745,54.437869822485204
dupage,Lisle 25,16,1,18,4,15,2,26,70,13.333333333333334,53.94736842105263
dupage,Milton 130,13,3,19,1,2,0,11,131,10.53763440860215,27.22222222222222
dupage,Downers Grove 118,36,10,23,3,6,2,10,46,10.06711409395973,66.17647058823529
dupage,Lisle 22,17,5,74,1,18,1,16,86,17.813765182186234,60.550458715596335
dupage,Downers Grove 115,34,15,18,8,2,1,10,91,12.038303693570452,49.162011173184354
dupage,Downers Grove 112,30,15,41,8,1,3,12,79,13.732833957553058,58.201058201058196
dupage,Downers Grove 113,13,5,13,4,1,3,5,16,7.333333333333333,73.33333333333333
dupage,Wayne 50,32,12,12,5,3,1,12,79,13.095238095238097,49.358974358974365
dupage,Wayne 53,25,8,14,6,4,2,16,57,9.079903147699758,56.81818181818182
dupage,Wayne 52,14,12,21,4,4,3,11,69,11.89655172413793,50.0
dupage,Wayne 55,29,13,19,1,5,1,22,105,13.636363636363635,46.15384615384615
dupage,Wayne 54,26,16,12,2,6,7,14,51,10.573248407643312,61.940298507462686
dupage,Wayne 57,22,9,25,7,5,5,6,81,11.205673758865247,49.375
dupage,Wayne 56,14,5,6,0,1,2,10,90,6.408094435075886,29.6875
dupage,Wayne 59,25,9,22,6,2,1,16,66,12.310030395136778,55.10204081632652
dupage,Wayne 58,16,5,15,4,2,0,7,55,9.607843137254903,47.11538461538461
dupage,Downers Grove 146,22,25,47,2,10,5,12,75,14.963503649635038,62.121212121212125
dupage,Downers Grove 149,40,6,62,5,6,4,15,107,18.75,56.326530612244895
dupage,Milton 71,22,8,32,2,8,1,31,117,18.6046511627907,47.05882352941176
dupage,Milton 119,6,7,8,0,0,0,3,20,6.64819944598338,54.54545454545454
dupage,Milton 111,33,10,28,2,3,3,19,75,15.831987075928918,56.64739884393064
dupage,Milton 110,25,12,33,6,8,4,12,75,14.025245441795231,57.14285714285714
dupage,Milton 113,10,6,54,1,4,1,29,52,21.920668058455114,66.87898089171973
dupage,Milton 112,17,7,16,1,4,2,13,90,11.516314779270633,40.0
dupage,Milton 115,14,9,25,2,4,2,24,83,14.035087719298245,49.079754601226995
dupage,Milton 114,10,10,18,3,7,2,19,60,11.129032258064516,53.48837209302325
dupage,Milton 116,24,8,28,9,2,4,30,119,15.765765765765765,46.875
dupage,Bloomingdale 9,23,17,23,5,6,5,9,72,10.986267166042447,55.00000000000001
dupage,Bloomingdale 43,26,12,18,4,6,3,13,70,10.991957104557642,53.94736842105263
dupage,Bloomingdale 45,14,8,15,6,2,2,20,218,10.894308943089431,23.50877192982456
dupage,Downers Grove 142,23,8,10,6,7,1,7,28,11.272727272727273,68.88888888888889
dupage,Naperville 10,5,13,28,5,42,1,32,90,15.69115815691158,58.333333333333336
dupage,Milton 86,16,18,22,6,2,2,15,43,11.20331950207469,65.32258064516128
dupage,York 30,22,5,21,0,6,3,9,116,9.053497942386832,36.26373626373626
dupage,Naperville 15,34,13,22,3,15,2,23,51,14.285714285714285,68.71165644171779
dupage,York 36,34,15,57,4,6,0,10,106,17.5,54.310344827586206
dupage,Winfield 4,33,6,21,2,8,1,21,108,14.263565891472869,46.0
dupage,Winfield 5,18,16,23,6,5,5,8,81,11.894273127753303,50.0
dupage,Winfield 6,11,6,21,3,7,1,8,72,12.311015118790497,44.18604651162791
dupage,Downers Grove 48,18,3,30,3,11,1,19,56,14.86013986013986,60.28368794326241
dupage,Winfield 1,39,13,22,2,8,7,10,80,11.28491620111732,55.80110497237569
dupage,Winfield 2,20,11,34,4,5,7,16,112,12.278481012658228,46.411483253588514
dupage,Downers Grove 47,10,7,36,3,6,2,8,40,16.10738255033557,64.28571428571429
dupage,Winfield 9,29,14,13,8,2,4,11,29,9.070548712206048,73.63636363636363
dupage,Downers Grove 45,25,10,52,4,7,3,7,104,20.037105751391465,50.943396226415096
dupage,Downers Grove 44,21,5,26,5,5,2,11,101,10.822510822510822,42.61363636363637
dupage,Naperville 19,15,6,31,5,30,3,31,56,18.00595238095238,68.36158192090396
dupage,Downers Grove 82,31,8,55,7,3,1,20,101,13.130252100840337,55.309734513274336
dupage,Lisle 83,15,13,12,1,15,2,12,41,12.131715771230503,63.06306306306306
dupage,Lisle 81,14,5,19,2,14,4,25,103,12.24188790560472,44.623655913978496
dupage,Lisle 80,16,10,18,4,5,3,11,61,10.534591194968554,52.34375
dupage,Lisle 89,29,14,33,7,11,5,18,50,14.754098360655737,70.05988023952095
dupage,Lisle 88,6,8,66,2,7,3,13,37,19.230769230769234,73.94366197183099
dupage,Winfield 17,22,9,24,4,5,4,18,95,12.518195050946144,47.51381215469613
dupage,Winfield 14,36,16,39,8,14,5,19,120,15.621436716077536,53.30739299610895
dupage,Winfield 15,14,8,17,2,2,1,9,42,12.864077669902912,55.78947368421052
dupage,Winfield 12,25,16,40,4,7,2,19,121,13.170163170163171,48.29059829059829
dupage,Winfield 13,8,10,11,5,3,2,3,35,6.6141732283464565,54.54545454545454
dupage,Winfield 18,26,13,25,2,7,1,20,111,15.878378378378377,45.85365853658537
dupage,Winfield 19,19,13,32,3,7,1,13,124,12.88433382137628,41.509433962264154
dupage,Milton 91,20,12,22,3,4,3,28,131,13.98176291793313,41.25560538116592
dupage,Milton 90,27,13,42,4,1,4,13,129,14.3646408839779,44.63519313304721
dupage,Milton 93,25,6,23,5,6,3,37,58,14.83050847457627,64.41717791411043
dupage,Milton 92,20,7,36,2,4,2,41,105,15.426997245179063,51.61290322580645
dupage,Milton 95,27,11,31,7,6,3,26,177,12.278761061946902,38.54166666666667
dupage,Milton 94,23,9,29,5,8,2,19,80,14.200298953662182,54.285714285714285
dupage,Milton 97,37,11,34,2,8,5,30,83,20.25518341307815,60.476190476190474
dupage,Milton 96,24,10,77,5,4,4,27,75,20.741758241758244,66.8141592920354
dupage,Lisle 14,11,3,16,1,12,1,10,66,11.513859275053305,45.0
dupage,Milton 98,25,8,16,3,7,4,9,80,10.271041369472183,47.368421052631575
dupage,Lisle 16,20,10,26,5,7,2,16,61,13.333333333333334,58.50340136054422
dupage,Lisle 11,15,11,31,1,25,0,36,81,18.16793893129771,59.5
dupage,Wayne 68,34,14,21,3,1,1,8,53,15.129151291512915,60.74074074074074
dupage,Wayne 60,12,5,13,2,1,1,9,44,7.131011608623548,49.42528735632184
dupage,Wayne 67,21,10,16,4,8,1,6,57,8.859060402684564,53.65853658536586
dupage,Wayne 1,29,14,13,6,4,0,9,156,9.079903147699758,32.467532467532465
dupage,Wayne 3,11,6,5,2,0,1,7,66,6.911447084233262,32.6530612244898
dupage,Wayne 2,26,10,24,4,5,5,4,105,9.523809523809524,42.62295081967213
dupage,Wayne 5,24,6,15,10,5,4,13,74,10.799438990182328,50.993377483443716
dupage,Wayne 4,18,13,17,7,4,2,17,66,9.59409594095941,54.166666666666664
dupage,Wayne 7,20,6,20,4,2,5,10,106,10.307692307692308,38.72832369942196
dupage,Wayne 6,26,17,25,7,6,4,12,79,14.854517611026033,55.11363636363637
dupage,Wayne 9,14,6,25,5,3,2,19,109,9.866666666666667,40.43715846994536
dupage,Wayne 8,12,5,13,2,3,1,5,63,6.710310965630114,39.42307692307692
dupage,Wayne 19,29,11,15,5,3,3,12,37,10.92436974789916,67.82608695652173
dupage,Wayne 15,21,14,19,4,4,5,9,51,9.476309226932669,59.84251968503938
dupage,Wayne 17,21,15,46,4,3,3,12,74,15.028901734104046,58.42696629213483
dupage,Wayne 11,31,14,5,4,1,3,6,92,14.545454545454545,41.02564102564102
dupage,Wayne 10,17,5,7,4,2,0,6,101,6.436420722135009,28.87323943661972
dupage,Wayne 13,49,12,12,7,5,5,6,69,10.835214446952596,58.18181818181818
dupage,Wayne 12,22,12,18,3,1,1,16,63,11.986863711001643,53.67647058823529
dupage,Downers Grove 14,29,16,38,5,12,2,19,91,13.02475780409042,57.07547169811321
dupage,Downers Grove 15,19,16,32,11,5,4,21,68,16.74418604651163,61.36363636363637
dupage,Downers Grove 11,31,10,60,11,3,2,18,80,15.481651376146788,62.7906976744186
dupage,Downers Grove 12,24,8,60,4,11,3,15,88,19.025875190258752,58.68544600938967
dupage,Bloomingdale 77,22,12,31,1,3,3,14,62,13.564668769716087,58.108108108108105
dupage,Downers Grove 50,21,14,94,5,18,3,31,103,21.257142857142856,64.3598615916955
dupage,York 130,21,5,31,1,6,5,11,72,13.266998341625207,52.63157894736842
dupage,York 111,45,22,27,6,10,5,9,65,12.97071129707113,65.60846560846561
dupage,York 114,30,12,78,6,10,5,21,90,19.75609756097561,64.28571428571429
dupage,York 119,14,5,14,3,0,3,4,34,6.475903614457831,55.84415584415584
dupage,York 118,26,13,22,7,6,1,8,45,14.90125673249551,64.84375
dupage,York 75,33,15,37,5,10,3,25,87,16.10062893081761,59.53488372093023
dupage,York 74,49,23,42,4,10,2,25,77,17.96060254924681,66.8103448275862
dupage,York 77,30,15,29,7,0,2,17,100,14.367816091954023,50.0
dupage,Milton 46,30,15,24,0,2,5,21,73,19.05697445972495,57.05882352941176
dupage,Milton 47,33,18,43,6,4,3,17,63,17.415730337078653,66.31016042780749
dupage,Milton 44,21,5,34,1,8,3,21,60,16.970802919708028,60.78431372549019
dupage,Milton 45,19,5,95,1,7,1,24,86,20.79343365253078,63.86554621848739
dupage,Milton 42,27,9,20,4,7,3,18,80,13.333333333333334,52.38095238095239
dupage,Milton 43,16,19,55,6,3,1,50,91,18.963337547408344,62.24066390041494
dupage,Milton 40,24,12,36,2,10,1,28,93,13.185530921820304,54.85436893203883
dupage,Milton 41,13,16,44,2,4,4,24,69,15.134370579915135,60.79545454545454
dupage,Downers Grove 129,19,17,54,5,8,2,16,74,15.592783505154639,62.05128205128205
dupage,Milton 48,23,26,17,6,6,3,15,80,15.18987341772152,54.54545454545454
dupage,Milton 49,30,5,30,4,6,3,14,78,13.834586466165414,54.11764705882353
dupage,York 97,30,17,22,11,6,3,17,82,15.164520743919885,56.38297872340425
dupage,York 95,21,10,20,2,3,4,27,52,17.864476386036962,62.589928057553955
dupage,York 93,17,3,17,5,2,1,11,31,11.691022964509393,64.36781609195403
dupage,York 92,16,5,45,3,2,2,8,43,17.608695652173914,65.32258064516128
dupage,Lisle 104,9,3,16,1,24,1,22,82,11.394302848575713,48.10126582278481
dupage,Lisle 107,12,3,28,3,13,2,11,70,11.842105263157894,50.70422535211267
dupage,Lisle 106,13,6,16,1,9,2,11,43,13.679245283018867,57.42574257425742
dupage,Lisle 101,16,10,30,4,8,0,15,43,11.022576361221779,65.87301587301587
dupage,Lisle 100,9,7,36,1,17,2,34,48,18.49912739965096,68.83116883116884
dupage,Wayne 25,41,10,15,6,1,1,14,78,14.449917898193759,53.01204819277109
dupage,Wayne 26,14,10,11,4,2,5,11,64,9.777015437392796,47.107438016528924
dupage,Wayne 20,38,12,19,9,5,7,12,76,14.71861471861472,57.30337078651685
dupage,Wayne 21,31,4,26,4,1,3,9,75,11.190817790530847,50.98039215686274
dupage,Wayne 22,17,12,17,5,3,3,12,127,8.635794743429287,35.204081632653065
dupage,Wayne 23,32,9,26,6,1,8,17,81,13.21762349799733,55.00000000000001
dupage,Wayne 28,9,9,8,2,0,2,4,53,6.319702602230483,39.08045977011494
dupage,Lisle 52,22,8,25,3,14,4,30,86,14.866760168302944,55.208333333333336
dupage,Lisle 55,16,7,25,1,16,3,21,64,16.79245283018868,58.16993464052288
dupage,Winfield 23,14,8,9,5,1,2,3,46,7.636363636363637,47.72727272727273
dupage,Winfield 22,27,10,31,3,12,3,16,93,13.127413127413126,52.307692307692314
dupage,Winfield 21,26,14,21,5,10,2,15,93,13.36206896551724,50.0
dupage,Winfield 20,15,6,25,4,3,2,14,80,9.043250327653997,46.308724832214764
dupage,Milton 128,15,18,27,3,2,1,27,96,14.176829268292682,49.2063492063492
dupage,Milton 129,9,3,25,2,0,1,17,68,13.801452784503631,45.6
dupage,Milton 124,11,9,17,5,6,1,8,49,13.073394495412844,53.77358490566038
dupage,Milton 125,14,7,22,1,1,1,8,49,12.949640287769784,52.42718446601942
dupage,Milton 126,18,5,20,1,6,3,7,97,11.450381679389313,38.21656050955414
dupage,Milton 127,14,6,25,0,5,0,28,74,16.049382716049383,51.31578947368421
dupage,Milton 120,21,9,13,4,2,3,9,19,12.896405919661733,76.25
dupage,Milton 122,23,15,27,1,6,2,15,96,16.240875912408757,48.10810810810811
dupage,Milton 123,13,5,5,3,4,3,8,42,6.020558002936858,49.39759036144578
dupage,Lisle 4,16,5,42,2,45,5,24,58,16.606929510155314,70.55837563451777
dupage,Downers Grove 78,19,16,23,4,9,5,8,90,13.70309951060359,48.275862068965516
dupage,Downers Grove 79,20,10,39,3,4,4,12,90,15.436241610738255,50.54945054945055
dupage,Downers Grove 76,21,8,22,3,4,3,11,33,8.470588235294118,68.57142857142857
dupage,Downers Grove 74,23,18,21,2,4,4,12,57,11.666666666666666,59.57446808510638
dupage,Downers Grove 75,16,8,66,3,8,2,14,74,21.428571428571427,61.25654450261781
dupage,Downers Grove 73,21,5,35,0,5,0,6,71,12.307692307692308,50.349650349650354
dupage,Downers Grove 70,29,10,24,3,2,2,20,86,16.9811320754717,51.13636363636363
dupage,Downers Grove 71,30,18,25,6,5,7,6,56,11.31855309218203,63.39869281045751
dupage,York 9,39,14,48,6,11,2,25,68,16.365688487584652,68.07511737089203
dupage,York 3,14,7,10,2,3,0,16,77,7.094133697135062,40.310077519379846
dupage,Milton 99,27,4,20,3,3,2,17,73,16.964285714285715,51.006711409395976
dupage,Lisle 43,12,5,32,4,13,1,25,89,14.959349593495935,50.82872928176796
dupage,Naperville 84,9,3,13,0,24,0,22,65,12.588652482269502,52.20588235294118
dupage,York 26,22,12,52,4,6,2,9,45,22.96137339055794,70.39473684210526
dupage,York 21,30,21,31,4,6,2,13,70,16.1631419939577,60.451977401129945
dupage,Milton 39,21,5,19,2,8,5,20,111,12.102874432677762,41.8848167539267
dupage,Milton 38,33,13,34,5,13,3,19,75,13.651877133105803,61.53846153846154
dupage,Milton 37,19,16,25,2,5,2,12,159,10.546875,33.75
dupage,Milton 36,29,11,44,7,8,1,40,92,18.59229747675963,60.3448275862069
dupage,Milton 35,27,17,40,3,3,5,13,84,15.168539325842698,56.25
dupage,Milton 34,37,18,34,4,4,6,15,78,16.434540389972145,60.204081632653065
dupage,Milton 33,22,12,40,2,2,4,29,73,17.96116504854369,60.32608695652174
dupage,Milton 32,37,28,18,7,11,7,29,185,17.47448979591837,42.54658385093168
dupage,Milton 31,15,5,11,1,3,4,2,65,7.663551401869159,38.67924528301887
dupage,Milton 30,19,15,23,3,6,3,13,82,12.812499999999998,50.0
dupage,Milton 82,22,11,23,0,7,0,36,78,18.299445471349355,55.932203389830505
dupage,Milton 83,32,13,29,1,9,6,32,109,16.968011126564672,52.81385281385281
dupage,Milton 80,17,17,26,5,10,4,27,70,12.832929782082324,60.22727272727273
dupage,Milton 81,21,9,41,6,2,4,13,96,14.055636896046853,50.0
dupage,Naperville 16,6,2,11,0,9,0,23,60,9.357798165137615,45.94594594594595
dupage,Milton 87,22,13,24,0,3,3,21,125,11.436170212765957,40.758293838862556
dupage,Milton 84,18,15,32,4,9,8,18,153,13.131313131313133,40.46692607003891
dupage,Milton 85,17,13,31,5,6,2,32,126,16.13394216133942,45.689655172413794
dupage,Milton 88,24,14,24,1,6,2,18,49,16.824196597353495,64.4927536231884
dupage,Milton 89,26,9,37,3,4,4,18,78,13.082901554404144,56.424581005586596
dupage,Downers Grove 119,5,3,4,2,0,2,3,62,3.059581320450886,23.456790123456788
dupage,Downers Grove 2,18,8,120,2,7,2,10,89,22.90809327846365,65.234375
dupage,Downers Grove 3,21,8,100,6,9,3,23,105,19.813519813519815,61.81818181818181
dupage,Downers Grove 6,14,3,49,0,0,0,13,78,11.669128508124077,50.318471337579616
dupage,Downers Grove 7,14,9,40,3,4,1,22,101,10.616438356164384,47.93814432989691
dupage,Downers Grove 8,31,21,84,9,12,2,24,113,19.95637949836423,61.82432432432432
dupage,Downers Grove 9,19,6,106,2,14,1,18,61,24.30453879941435,73.12775330396477
dupage,Bloomingdale 68,12,5,18,2,1,2,12,42,6.190476190476191,55.319148936170215
dupage,York 19,1,0,5,0,1,0,2,13,1.8907563025210083,40.909090909090914
dupage,York 18,30,10,40,6,7,9,13,76,16.986706056129986,60.20942408376963
dupage,Downers Grove 121,13,9,48,3,13,0,25,101,18.530884808013358,52.358490566037744
dupage,Lisle 8,31,11,62,4,12,4,14,68,16.727272727272727,66.99029126213593
dupage,Downers Grove 39,31,18,42,6,15,8,13,76,16.480793060718714,63.63636363636363
dupage,York 122,8,5,12,2,0,1,4,52,4.475524475524476,38.095238095238095
dupage,York 123,22,13,23,7,9,3,13,60,13.595166163141995,60.0
dupage,York 121,74,37,51,7,4,3,42,123,22.404933196300103,63.929618768328446
dupage,Downers Grove 32,19,7,23,8,11,3,11,67,12.112259970457902,55.033557046979865
dupage,Lisle 3,14,0,35,2,21,0,33,44,16.079632465543643,70.46979865771812
dupage,Downers Grove 30,24,12,56,5,10,1,9,74,18.252730109204368,61.25654450261781
dupage,Lisle 1,16,7,36,3,24,1,9,40,15.335463258785943,70.58823529411765
dupage,Lisle 6,8,1,37,3,13,0,11,45,15.336134453781513,61.86440677966102
dupage,Downers Grove 37,33,6,39,22,2,0,18,109,13.259668508287293,52.40174672489083
dupage,York 128,24,11,24,14,9,3,38,101,17.647058823529413,54.91071428571429
dupage,Downers Grove 120,14,8,33,5,5,6,11,59,17.083333333333332,58.156028368794324
dupage,York 62,26,17,30,6,3,2,9,43,9.6875,68.38235294117648
dupage,York 64,22,14,34,2,1,0,11,78,12.156295224312592,51.85185185185185
dupage,Lisle 77,10,4,26,3,12,2,18,45,11.029411764705882,62.5
dupage,Downers Grove 130,34,15,19,2,4,2,11,47,11.600000000000001,64.92537313432835
dupage,Downers Grove 131,31,11,31,11,5,4,24,72,14.772727272727273,61.904761904761905
dupage,Downers Grove 132,2,1,2,0,1,1,0,283,1.303538175046555,2.413793103448276
dupage,Lisle 78,18,8,15,1,18,1,28,56,15.6140350877193,61.37931034482759
dupage,York 86,30,8,20,7,3,4,17,57,10.194730813287514,60.95890410958904
dupage,Lisle 116,20,8,18,1,22,0,34,68,16.912972085385878,60.23391812865497
dupage,Lisle 117,6,3,6,1,10,0,9,62,8.083140877598153,36.08247422680412
dupage,Lisle 114,20,7,20,5,6,3,7,14,8.923884514435695,82.92682926829268
dupage,Lisle 115,18,5,26,1,31,3,24,90,15.126050420168067,54.54545454545454
dupage,Lisle 112,18,8,33,2,23,1,14,34,15.890850722311397,74.43609022556392
dupage,Lisle 111,23,14,28,6,11,3,13,44,11.225658648339062,69.01408450704226
dupage,Wayne 37,17,9,32,3,1,1,13,162,9.669211195928753,31.932773109243694
dupage,Wayne 36,7,7,8,5,2,1,5,53,6.469500924214418,39.77272727272727
dupage,Wayne 35,13,3,10,3,2,0,8,59,7.485604606525912,39.795918367346935
dupage,Wayne 33,20,11,12,5,3,8,14,73,9.89159891598916,50.0
dupage,Wayne 32,16,15,18,7,1,4,11,83,10.572687224669604,46.45161290322581
dupage,Wayne 30,34,17,25,7,5,4,19,91,14.859437751004014,54.95049504950495
dupage,Downers Grove 38,13,4,23,19,9,1,16,75,11.140235910878113,53.125
dupage,Wayne 39,22,12,23,12,8,1,13,104,10.077519379844961,46.666666666666664
dupage,Lisle 9,19,10,17,4,6,2,9,51,8.55683269476373,56.779661016949156
dupage,Winfield 38,22,8,28,3,7,3,15,114,12.46376811594203,43.0
dupage,Winfield 39,32,7,20,3,5,5,18,110,13.677811550151976,45.0
dupage,Winfield 37,12,14,17,2,0,2,7,68,8.095952023988005,44.26229508196721
dupage,Winfield 30,24,6,19,3,8,3,14,84,11.827956989247312,47.82608695652174
dupage,Downers Grove 141,16,6,23,5,3,2,1,46,11.914893617021278,54.90196078431373
dupage,Downers Grove 140,25,7,42,3,7,2,10,79,15.238095238095239,54.85714285714286
dupage,Milton 79,16,11,25,2,4,1,17,102,9.189842805320435,42.69662921348314
dupage,Milton 78,16,10,34,2,4,1,15,45,12.424242424242424,64.56692913385827
dupage,Downers Grove 145,32,13,45,8,11,2,15,77,18.20809248554913,62.06896551724138
dupage,Downers Grove 147,8,3,14,7,6,1,16,53,11.802575107296137,50.92592592592593
dupage,Downers Grove 33,28,8,37,7,8,5,8,54,14.346590909090908,65.16129032258064
dupage,Milton 73,22,23,20,9,7,7,22,66,17.628205128205128,62.5
dupage,Downers Grove 148,14,8,44,1,2,1,5,63,14.231499051233396,54.347826086956516
dupage,Naperville 61,17,8,19,1,17,1,40,155,13.517060367454068,39.922480620155035
dupage,Milton 77,21,5,13,4,0,1,23,106,11.001642036124796,38.72832369942196
dupage,Milton 76,30,23,44,9,9,3,20,82,18.473895582329316,62.727272727272734
dupage,Milton 75,20,10,37,3,5,2,27,143,14.647887323943662,42.10526315789473
dupage,Milton 74,24,12,37,0,7,4,19,123,15.058479532163743,45.57522123893805
dupage,Downers Grove 31,30,13,49,7,9,2,20,87,14.541387024608502,59.907834101382484
dupage,Downers Grove 36,21,3,144,2,11,0,18,137,21.560130010834236,59.226190476190474
dupage,Lisle 7,22,10,18,2,6,2,15,75,11.811023622047244,50.0
dupage,Downers Grove 34,37,9,97,6,18,1,24,95,24.242424242424242,66.89895470383276
dupage,Bloomingdale 80,14,7,13,2,5,4,8,69,8.70279146141215,43.44262295081967
dupage,Bloomingdale 89,12,7,14,1,3,5,17,77,9.609120521172638,43.38235294117647
dupage,Bloomingdale 18,35,13,23,3,2,3,11,59,14.516129032258066,60.40268456375839
dupage,Downers Grove 98,25,8,47,5,4,2,5,95,13.223140495867769,50.26178010471204
dupage,Downers Grove 94,32,11,68,9,16,1,20,100,17.700112739571587,61.08949416342413
dupage,Downers Grove 96,28,8,78,4,13,2,19,60,21.8077474892396,71.69811320754717
dupage,Downers Grove 97,38,16,37,8,6,3,14,81,17.42857142857143,60.09852216748769
dupage,Downers Grove 92,23,13,51,2,4,5,13,82,18.5,57.51295336787565
dupage,Naperville 96,3,1,11,3,14,2,12,40,13.372093023255813,53.48837209302325
dupage,Naperville 95,10,5,25,3,32,3,30,71,17.792421746293247,60.33519553072626
dupage,Downers Grove 61,31,11,43,17,2,2,19,120,13.842746400885936,51.02040816326531
dupage,Downers Grove 63,23,12,29,6,12,1,9,60,14.959349593495935,60.526315789473685
dupage,Downers Grove 65,18,10,61,1,20,2,21,98,16.562889165628892,57.57575757575758
dupage,Downers Grove 64,27,11,56,4,6,1,13,129,15.485564304461944,47.77327935222672
dupage,Downers Grove 67,23,7,13,2,3,5,13,46,13.333333333333334,58.92857142857143
dupage,Downers Grove 66,16,8,15,4,4,1,18,87,10.015174506828528,43.13725490196079
dupage,Downers Grove 69,22,4,19,6,4,5,14,55,11.580594679186229,57.36434108527132
dupage,York 56,35,20,26,10,7,1,15,61,10.836501901140684,65.14285714285715
dupage,Milton 20,14,8,26,0,8,3,13,98,9.30232558139535,42.35294117647059
dupage,Milton 21,14,5,63,4,3,1,15,48,20.792079207920793,68.62745098039215
dupage,Milton 22,23,13,27,1,6,7,20,103,14.652567975830816,48.5
dupage,Milton 23,29,4,22,5,2,1,46,122,13.357843137254902,47.18614718614719
dupage,Milton 24,30,15,31,5,3,2,20,55,16.307692307692307,65.83850931677019
dupage,Milton 25,23,4,38,1,4,1,22,151,11.938382541720154,38.114754098360656
dupage,Milton 26,26,18,12,4,3,5,13,63,8.419958419958421,56.25
dupage,Milton 27,26,14,45,3,4,3,36,66,19.37869822485207,66.49746192893402
dupage,Milton 28,16,12,11,3,9,0,20,100,11.198738170347003,41.52046783625731
dupage,Milton 29,16,15,35,0,2,3,11,79,14.882032667876588,50.931677018633536
dupage,Milton 64,13,6,57,3,5,1,26,59,17.78846153846154,65.29411764705883
dupage,Naperville 26,9,3,26,0,29,0,16,46,17.291666666666668,64.34108527131784
dupage,Naperville 22,15,12,19,2,22,0,19,58,13.464447806354011,60.544217687074834
dupage,Lisle 32,18,2,27,4,7,2,19,45,10.128205128205128,63.70967741935484
dupage,Lisle 31,17,12,27,2,37,2,37,102,18.132611637347768,56.779661016949156
dupage,Downers Grove 109,20,8,23,2,13,1,11,101,13.175675675675674,43.575418994413404
dupage,Lisle 37,18,7,22,1,31,1,18,94,13.61111111111111,51.041666666666664
dupage,Downers Grove 105,31,16,58,11,16,10,20,85,17.400644468313644,65.58704453441295
dupage,Lisle 38,28,13,38,1,22,5,15,79,15.269086357947433,60.69651741293532
dupage,Downers Grove 106,30,7,21,1,7,2,12,91,11.477761836441895,46.783625730994146
dupage,Downers Grove 103,21,9,41,9,3,3,12,83,13.687150837988826,54.14364640883977
dupage,Downers Grove 102,22,8,19,4,7,1,4,91,10.8153078202995,41.66666666666667
dupage,Wayne 48,35,7,15,2,0,1,10,149,8.177570093457943,31.963470319634702
dupage,Wayne 49,19,12,17,3,6,6,8,89,8.765432098765432,44.375
dupage,Wayne 46,20,14,16,3,0,6,5,61,9.696969696969697,51.2
dupage,Wayne 47,10,5,8,4,5,0,5,36,6.59536541889483,50.68493150684932
dupage,Wayne 44,18,10,18,4,5,3,7,62,11.58645276292335,51.181102362204726
dupage,Wayne 42,12,9,26,5,7,6,13,58,10.038610038610038,57.35294117647059
dupage,Wayne 43,14,7,7,3,2,1,14,55,9.73630831643002,46.601941747572816
dupage,Wayne 40,33,16,21,5,3,3,9,79,13.024602026049203,53.25443786982249
dupage,Milton 9,19,6,34,5,2,2,30,90,19.444444444444446,52.12765957446809
dupage,Milton 8,21,17,44,2,7,2,26,121,17.073170731707318,49.583333333333336
dupage,Milton 1,18,15,42,2,5,1,25,83,16.848673946957877,56.54450261780105
dupage,Milton 3,11,2,15,1,3,0,21,94,8.952702702702704,36.054421768707485
dupage,Milton 2,17,6,47,7,8,4,41,88,17.402945113788487,59.63302752293578
dupage,Milton 5,20,3,14,4,2,4,2,84,10.79295154185022,36.84210526315789
dupage,Milton 4,12,7,22,1,7,0,9,115,10.469314079422382,33.52601156069364
dupage,Milton 7,12,15,34,3,4,3,28,103,15.639810426540285,49.00990099009901
dupage,Milton 6,12,11,68,5,2,3,33,64,20.970266040688575,67.67676767676768
dupage,Milton 108,21,11,26,2,2,6,25,80,14.263803680981596,53.75722543352601
dupage,Milton 109,18,4,24,1,5,4,22,148,11.711711711711711,34.51327433628318
dupage,Winfield 41,7,2,8,0,6,4,9,44,8.75912408759124,45.0
dupage,Winfield 40,15,2,23,5,3,3,9,44,10.526315789473683,57.692307692307686
dupage,Milton 102,16,6,9,1,1,1,17,122,9.123434704830053,29.47976878612717
dupage,Milton 100,11,11,23,2,5,1,18,84,8.669108669108669,45.806451612903224
dupage,Milton 106,10,8,23,6,5,1,19,145,10.843373493975903,33.17972350230415
dupage,Milton 107,11,8,24,2,6,1,23,134,11.160714285714286,35.88516746411483
dupage,Milton 104,18,11,27,3,7,2,9,58,9.871794871794872,57.03703703703704
dupage,Milton 105,19,6,30,1,6,5,21,55,21.307506053268767,61.53846153846154
dupage,Downers Grove 107,18,11,32,2,10,6,23,113,12.530712530712531,47.44186046511628
dupage,Bloomingdale 58,28,10,35,5,5,11,15,83,13.32518337408313,56.770833333333336
dupage,Downers Grove 59,54,26,82,9,5,6,52,9,31.07569721115538,96.29629629629629
dupage,York 131,10,2,6,0,2,1,5,14,8.695652173913043,65.0
dupage,Downers Grove 51,15,12,108,6,11,4,22,67,24.184782608695652,72.6530612244898
dupage,Downers Grove 52,24,11,55,2,9,1,20,112,18.711656441717793,52.13675213675214
dupage,Downers Grove 53,24,8,66,1,18,4,26,104,20.55944055944056,58.56573705179283
dupage,Downers Grove 54,27,8,45,2,5,1,13,79,19.423076923076923,56.111111111111114
dupage,Downers Grove 55,7,6,50,5,2,0,11,66,13.192182410423452,55.10204081632652
dupage,Downers Grove 56,19,12,26,3,6,2,11,63,15.310077519379844,55.633802816901415
dupage,Downers Grove 57,34,12,33,3,5,8,14,75,15.866084425036389,59.2391304347826
dupage,Downers Grove 29,43,13,44,5,6,6,24,115,15.914221218961625,55.078125
dupage,Downers Grove 28,18,2,46,3,4,1,7,93,14.0625,46.55172413793103
dupage,Downers Grove 27,19,10,26,3,6,0,8,69,13.740458015267176,51.06382978723404
dupage,Downers Grove 26,40,23,95,4,11,2,11,118,23.694267515923567,61.18421052631579
dupage,Downers Grove 21,36,5,58,14,5,2,20,88,17.971758664955072,61.40350877192983
dupage,Downers Grove 20,32,15,70,2,13,0,11,75,24.03361344537815,65.59633027522935
dupage,Lisle 126,9,3,9,2,10,0,18,65,10.759493670886076,43.96551724137931
dupage,Milton 19,32,10,36,0,5,6,23,103,15.819209039548024,52.093023255813954
dupage,Milton 18,27,13,23,3,4,8,26,130,13.648293963254593,44.44444444444444
dupage,Milton 11,14,10,44,4,12,1,19,72,16.693418940609952,59.09090909090909
dupage,Milton 10,24,8,62,5,7,2,25,70,19.703703703703702,65.51724137931035
dupage,Milton 13,16,12,37,0,3,1,33,77,18.37837837837838,56.98324022346368
dupage,Milton 12,21,10,51,2,4,2,24,47,18.81188118811881,70.80745341614907
dupage,Milton 15,21,8,44,2,6,1,28,87,17.684887459807076,55.83756345177665
dupage,Milton 14,16,4,42,3,1,0,13,93,13.299663299663301,45.93023255813954
dupage,Milton 17,22,10,24,4,4,0,11,66,13.274336283185843,53.191489361702125
dupage,Milton 16,28,9,49,3,6,3,27,78,17.482517482517483,61.57635467980296
dupage,Lisle 95,11,2,8,1,17,2,21,96,9.612403100775193,39.24050632911392
dupage,Lisle 91,36,11,26,8,29,2,19,89,16.457286432160803,59.54545454545455
dupage,Lisle 92,13,5,18,6,15,1,8,25,12.941176470588237,72.52747252747253
dupage,Lisle 68,9,5,15,1,18,0,16,45,17.2972972972973,58.71559633027523
dupage,Downers Grove 151,17,3,27,3,1,0,12,68,12.092130518234164,48.091603053435115
dupage,Milton 68,26,8,44,3,8,3,30,80,17.732558139534884,60.396039603960396
dupage,Milton 69,26,5,62,6,7,8,32,79,25.932504440497333,64.88888888888889
dupage,Downers Grove 154,25,8,12,4,3,1,6,64,10.332749562171628,47.96747967479675
dupage,Lisle 61,12,5,20,2,13,2,7,41,14.319248826291082,59.80392156862745
dupage,Milton 65,21,11,24,0,3,3,24,128,13.65079365079365,40.18691588785047
dupage,Milton 66,27,15,70,0,5,1,29,93,17.583732057416267,61.25000000000001
dupage,Milton 67,24,8,39,1,3,3,16,74,17.735849056603772,55.952380952380956
dupage,Milton 60,14,16,29,1,4,4,12,49,16.161616161616163,62.01550387596899
dupage,Milton 61,13,3,15,3,2,0,9,94,7.401315789473683,32.37410071942446
dupage,Milton 62,22,28,28,0,7,4,26,71,20.572450805008945,61.82795698924731
dupage,Milton 63,15,10,33,3,7,3,7,94,10.729023383768913,45.348837209302324
dupage,Downers Grove 49,22,8,85,3,13,1,15,87,17.94871794871795,62.82051282051282
dupage,Winfield 7,18,4,30,2,6,1,32,126,11.495673671199011,42.465753424657535
mchenry,Algonquin 46,50,27,28,8,4,4,25,105,13.272727272727272,58.16733067729084
mchenry,Algonquin 47,60,22,39,3,4,13,25,109,13.354786806114241,60.36363636363637
mchenry,Algonquin 44,38,11,20,3,0,4,8,60,10.76923076923077,58.333333333333336
mchenry,Algonquin 45,35,16,31,3,1,3,18,110,11.630434782608695,49.30875576036866
mchenry,Algonquin 42,53,11,50,6,6,6,13,117,11.973575557390587,55.343511450381676
mchenry,Algonquin 43,45,20,29,8,4,3,8,102,9.80720871751886,53.42465753424658
mchenry,Algonquin 40,38,17,27,2,2,1,12,53,13.288590604026846,65.13157894736842
mchenry,Algonquin 41,56,23,44,0,8,9,14,111,11.827956989247312,58.11320754716981
mchenry,Algonquin 60,36,5,13,4,1,5,2,35,14.316702819956618,65.34653465346535
mchenry,Algonquin 61,15,15,16,3,1,1,7,62,8.146067415730338,48.333333333333336
mchenry,Algonquin 62,40,12,45,1,3,5,15,107,10.72695035460993,53.07017543859649
mchenry,Algonquin 63,57,9,56,2,6,6,19,119,11.008522727272728,56.56934306569343
mchenry,Algonquin 64,29,9,16,2,3,1,8,50,9.72818311874106,57.6271186440678
mchenry,Algonquin 65,52,14,21,2,1,4,18,135,8.217168011738812,45.34412955465587
mchenry,Algonquin 48,64,14,43,4,4,8,16,117,12.644628099173556,56.666666666666664
mchenry,Algonquin 49,24,6,22,4,2,3,5,80,8.25,45.20547945205479
mchenry,Algonquin 24,28,27,20,7,2,1,7,70,9.913793103448276,56.79012345679012
mchenry,Algonquin 25,31,14,23,3,3,5,8,64,15.156794425087108,57.615894039735096
mchenry,Algonquin 26,22,19,19,1,2,3,10,46,10.998552821997105,62.295081967213115
mchenry,Algonquin 27,22,30,20,4,2,3,9,57,10.588235294117647,61.224489795918366
mchenry,Algonquin 20,18,4,24,5,4,2,5,38,13.41991341991342,62.0
mchenry,Algonquin 21,41,10,28,5,5,4,6,70,10.3125,58.57988165680473
mchenry,Algonquin 22,28,13,16,3,3,1,2,46,10.909090909090908,58.92857142857143
mchenry,Algonquin 23,60,19,37,5,2,6,13,124,14.489795918367346,53.383458646616546
mchenry,Algonquin 55,43,21,36,5,6,3,19,103,11.223628691983123,56.355932203389834
mchenry,Algonquin 28,33,21,34,6,2,5,11,93,11.155378486055776,54.63414634146342
mchenry,Algonquin 29,19,14,12,7,3,5,6,53,12.110091743119266,55.46218487394958
mchenry,Algonquin 54,30,9,21,1,3,12,12,108,8.738828202581926,44.89795918367347
mchenry,Algonquin 68,38,12,35,5,3,8,11,125,7.59322033898305,47.257383966244724
mchenry,Algonquin 1,29,11,23,2,1,4,10,49,12.658227848101266,62.01550387596899
mchenry,Algonquin 59,54,13,32,6,3,7,9,69,8.99854862119013,64.24870466321244
mchenry,Algonquin 3,29,7,27,6,1,5,9,67,11.554332874828061,55.62913907284768
mchenry,Algonquin 2,32,26,53,4,10,8,15,75,17.83132530120482,66.3677130044843
mchenry,Algonquin 5,31,30,43,4,1,9,16,115,11.472602739726028,53.81526104417671
mchenry,Algonquin 4,46,30,34,3,1,9,34,77,15.7,67.09401709401709
mchenry,Algonquin 7,29,5,18,0,1,0,3,67,11.965811965811966,45.52845528455284
mchenry,Algonquin 6,28,16,35,2,5,5,7,77,12.452350698856417,56.00000000000001
mchenry,Algonquin 9,31,24,22,3,5,6,15,85,12.864077669902912,55.497382198952884
mchenry,Algonquin 8,35,15,24,4,3,3,21,71,10.960334029227557,59.65909090909091
mchenry,Algonquin 51,37,30,47,3,7,10,21,153,12.052877138413685,50.324675324675326
mchenry,Algonquin 50,34,17,23,4,1,6,13,91,10.733844468784227,51.85185185185185
mchenry,Algonquin 53,41,8,14,6,2,1,7,42,9.59902794653706,65.28925619834712
mchenry,Algonquin 52,40,20,28,4,4,7,10,57,9.85178727114211,66.47058823529412
mchenry,Algonquin 19,47,12,25,3,2,0,6,71,13.532763532763534,57.22891566265061
mchenry,Algonquin 18,30,7,7,4,2,6,5,71,8.815028901734104,46.21212121212121
mchenry,Algonquin 57,54,18,31,10,7,5,15,91,9.549795361527966,60.60606060606061
mchenry,Algonquin 56,37,4,11,5,1,5,4,52,9.955423476968797,56.30252100840336
mchenry,Algonquin 15,25,14,26,6,2,1,2,64,9.488139825218477,54.285714285714285
mchenry,Algonquin 14,37,8,30,3,5,2,9,101,10.645526613816534,48.205128205128204
mchenry,Algonquin 17,45,13,35,3,4,7,21,156,10.272873194221509,45.07042253521127
mchenry,Algonquin 16,59,7,21,0,0,2,12,126,11.595866819747416,44.49339207048458
mchenry,Algonquin 11,33,20,20,8,2,6,13,88,8.367514356029531,53.68421052631579
mchenry,Algonquin 10,45,21,44,3,4,3,16,78,14.361140443505807,63.55140186915887
mchenry,Algonquin 13,27,16,29,5,3,3,9,70,10.635838150289018,56.79012345679012
mchenry,Algonquin 12,45,22,35,4,4,2,13,90,13.498920086393088,58.139534883720934
mchenry,Algonquin 37,16,7,10,1,0,0,0,15,8.292682926829269,69.38775510204081
mchenry,Algonquin 36,36,16,28,6,4,2,9,124,13.032258064516128,44.888888888888886
mchenry,Algonquin 35,18,22,20,4,4,6,17,94,7.724957555178268,49.18918918918919
mchenry,Algonquin 34,30,20,34,5,3,5,7,62,11.981566820276496,62.65060240963856
mchenry,Algonquin 33,38,11,36,6,3,2,7,100,9.296028880866427,50.73891625615764
mchenry,Algonquin 32,42,7,26,1,2,4,8,78,11.952191235059761,53.57142857142857
mchenry,Algonquin 31,52,16,16,3,6,7,10,93,8.950366151342555,54.187192118226605
mchenry,Algonquin 30,33,18,27,5,3,5,16,124,10.398445092322643,46.320346320346324
mchenry,Algonquin 67,32,19,33,2,0,3,9,91,9.5703125,51.85185185185185
mchenry,Algonquin 39,30,16,23,7,3,6,7,66,9.378185524974516,58.22784810126582
mchenry,Algonquin 38,37,17,34,5,2,2,13,86,12.20865704772475,56.12244897959183
mchenry,Algonquin 58,45,11,27,5,2,0,10,88,9.30232558139535,53.191489361702125
mchenry,Algonquin 66,29,14,40,4,1,7,6,60,13.289473684210526,62.732919254658384
